segment_id,file_path,start_second,end_second
M01000FT6_0012,/home/dhgbao/Research_Monash/dataset/ccu-data/CCU_COMBINED_ANNOTATED_VIDEO/all_videos/M01000FT6_0012.mp4,284.616,296.673
M01000FT6_0017,/home/dhgbao/Research_Monash/dataset/ccu-data/CCU_COMBINED_ANNOTATED_VIDEO/all_videos/M01000FT6_0017.mp4,344.432,354.471
M01003MTK_0005,/home/dhgbao/Research_Monash/dataset/ccu-data/CCU_COMBINED_ANNOTATED_VIDEO/all_videos/M01003MTK_0005.mp4,60.0,75.0
M01003MTK_0016,/home/dhgbao/Research_Monash/dataset/ccu-data/CCU_COMBINED_ANNOTATED_VIDEO/all_videos/M01003MTK_0016.mp4,225.0,240.0
M01003MTK_0018,/home/dhgbao/Research_Monash/dataset/ccu-data/CCU_COMBINED_ANNOTATED_VIDEO/all_videos/M01003MTK_0018.mp4,255.0,270.0
M01000FN8_0010,/home/dhgbao/Research_Monash/dataset/ccu-data/CCU_COMBINED_ANNOTATED_VIDEO/all_videos/M01000FN8_0010.mp4,225.0,240.0
M01003PKW_0018,/home/dhgbao/Research_Monash/dataset/ccu-data/CCU_COMBINED_ANNOTATED_VIDEO/all_videos/M01003PKW_0018.mp4,436.5,451.5
M01003PLL_0002,/home/dhgbao/Research_Monash/dataset/ccu-data/CCU_COMBINED_ANNOTATED_VIDEO/all_videos/M01003PLL_0002.mp4,3395.0,3410.0
M01003W6M_0016,/home/dhgbao/Research_Monash/dataset/ccu-data/CCU_COMBINED_ANNOTATED_VIDEO/all_videos/M01003W6M_0016.mp4,1518.0,1533.0
M01000AJ9_0007,/home/dhgbao/Research_Monash/dataset/ccu-data/CCU_COMBINED_ANNOTATED_VIDEO/all_videos/M01000AJ9_0007.mp4,90.0,105.0
M01000AJ9_0016,/home/dhgbao/Research_Monash/dataset/ccu-data/CCU_COMBINED_ANNOTATED_VIDEO/all_videos/M01000AJ9_0016.mp4,225.0,240.0
M01000AJ9_0018,/home/dhgbao/Research_Monash/dataset/ccu-data/CCU_COMBINED_ANNOTATED_VIDEO/all_videos/M01000AJ9_0018.mp4,255.0,270.0
M01000AJA_0008,/home/dhgbao/Research_Monash/dataset/ccu-data/CCU_COMBINED_ANNOTATED_VIDEO/all_videos/M01000AJA_0008.mp4,105.0,120.0
M01000AJA_0013,/home/dhgbao/Research_Monash/dataset/ccu-data/CCU_COMBINED_ANNOTATED_VIDEO/all_videos/M01000AJA_0013.mp4,180.0,195.0
M01000FO1_0015,/home/dhgbao/Research_Monash/dataset/ccu-data/CCU_COMBINED_ANNOTATED_VIDEO/all_videos/M01000FO1_0015.mp4,234.4600939,249.1549296
M01003M18_0007,/home/dhgbao/Research_Monash/dataset/ccu-data/CCU_COMBINED_ANNOTATED_VIDEO/all_videos/M01003M18_0007.mp4,141.5,156.5
M01003M18_0009,/home/dhgbao/Research_Monash/dataset/ccu-data/CCU_COMBINED_ANNOTATED_VIDEO/all_videos/M01003M18_0009.mp4,171.5,186.5
M01003M18_0018,/home/dhgbao/Research_Monash/dataset/ccu-data/CCU_COMBINED_ANNOTATED_VIDEO/all_videos/M01003M18_0018.mp4,306.5,321.5
M01003M18_0019,/home/dhgbao/Research_Monash/dataset/ccu-data/CCU_COMBINED_ANNOTATED_VIDEO/all_videos/M01003M18_0019.mp4,321.5,336.5
M01003YN6_0003,/home/dhgbao/Research_Monash/dataset/ccu-data/CCU_COMBINED_ANNOTATED_VIDEO/all_videos/M01003YN6_0003.mp4,35.0,50.0
M01003YN6_0008,/home/dhgbao/Research_Monash/dataset/ccu-data/CCU_COMBINED_ANNOTATED_VIDEO/all_videos/M01003YN6_0008.mp4,110.0,125.0
M01003YN6_0013,/home/dhgbao/Research_Monash/dataset/ccu-data/CCU_COMBINED_ANNOTATED_VIDEO/all_videos/M01003YN6_0013.mp4,185.0,200.0
M01003YN6_0015,/home/dhgbao/Research_Monash/dataset/ccu-data/CCU_COMBINED_ANNOTATED_VIDEO/all_videos/M01003YN6_0015.mp4,215.0,230.0
M01003JLO_0010,/home/dhgbao/Research_Monash/dataset/ccu-data/CCU_COMBINED_ANNOTATED_VIDEO/all_videos/M01003JLO_0010.mp4,144.0,159.0
M01003JLO_0020,/home/dhgbao/Research_Monash/dataset/ccu-data/CCU_COMBINED_ANNOTATED_VIDEO/all_videos/M01003JLO_0020.mp4,294.0,309.0
M01003JQV_0006,/home/dhgbao/Research_Monash/dataset/ccu-data/CCU_COMBINED_ANNOTATED_VIDEO/all_videos/M01003JQV_0006.mp4,104.0,119.0
M01003JQV_0007,/home/dhgbao/Research_Monash/dataset/ccu-data/CCU_COMBINED_ANNOTATED_VIDEO/all_videos/M01003JQV_0007.mp4,119.0,134.0
M01003JQV_0017,/home/dhgbao/Research_Monash/dataset/ccu-data/CCU_COMBINED_ANNOTATED_VIDEO/all_videos/M01003JQV_0017.mp4,269.0,284.0
M01003JUU_0003,/home/dhgbao/Research_Monash/dataset/ccu-data/CCU_COMBINED_ANNOTATED_VIDEO/all_videos/M01003JUU_0003.mp4,1038.5,1053.5
M01003JUU_0009,/home/dhgbao/Research_Monash/dataset/ccu-data/CCU_COMBINED_ANNOTATED_VIDEO/all_videos/M01003JUU_0009.mp4,1128.5,1143.5
M01003JUU_0016,/home/dhgbao/Research_Monash/dataset/ccu-data/CCU_COMBINED_ANNOTATED_VIDEO/all_videos/M01003JUU_0016.mp4,1233.5,1248.5
M01003LLO_0002,/home/dhgbao/Research_Monash/dataset/ccu-data/CCU_COMBINED_ANNOTATED_VIDEO/all_videos/M01003LLO_0002.mp4,36.0,51.0
M01003LLO_0015,/home/dhgbao/Research_Monash/dataset/ccu-data/CCU_COMBINED_ANNOTATED_VIDEO/all_videos/M01003LLO_0015.mp4,231.0,246.0
M01003M1F_0002,/home/dhgbao/Research_Monash/dataset/ccu-data/CCU_COMBINED_ANNOTATED_VIDEO/all_videos/M01003M1F_0002.mp4,15.0,30.0
M01003M1F_0016,/home/dhgbao/Research_Monash/dataset/ccu-data/CCU_COMBINED_ANNOTATED_VIDEO/all_videos/M01003M1F_0016.mp4,225.0,240.0
M01003M1N_0009,/home/dhgbao/Research_Monash/dataset/ccu-data/CCU_COMBINED_ANNOTATED_VIDEO/all_videos/M01003M1N_0009.mp4,124.5,139.5
M01003M20_0003,/home/dhgbao/Research_Monash/dataset/ccu-data/CCU_COMBINED_ANNOTATED_VIDEO/all_videos/M01003M20_0003.mp4,30.0,45.0
M01003M20_0005,/home/dhgbao/Research_Monash/dataset/ccu-data/CCU_COMBINED_ANNOTATED_VIDEO/all_videos/M01003M20_0005.mp4,60.0,75.0
M01003M20_0015,/home/dhgbao/Research_Monash/dataset/ccu-data/CCU_COMBINED_ANNOTATED_VIDEO/all_videos/M01003M20_0015.mp4,210.0,225.0
M01003M2H_0004,/home/dhgbao/Research_Monash/dataset/ccu-data/CCU_COMBINED_ANNOTATED_VIDEO/all_videos/M01003M2H_0004.mp4,100.5,115.5
M01003NEX_0017,/home/dhgbao/Research_Monash/dataset/ccu-data/CCU_COMBINED_ANNOTATED_VIDEO/all_videos/M01003NEX_0017.mp4,345.0,360.0
M01003S1K_0003,/home/dhgbao/Research_Monash/dataset/ccu-data/CCU_COMBINED_ANNOTATED_VIDEO/all_videos/M01003S1K_0003.mp4,462.0,477.0
M01003S1K_0008,/home/dhgbao/Research_Monash/dataset/ccu-data/CCU_COMBINED_ANNOTATED_VIDEO/all_videos/M01003S1K_0008.mp4,537.0,552.0
M01003T1X_0012,/home/dhgbao/Research_Monash/dataset/ccu-data/CCU_COMBINED_ANNOTATED_VIDEO/all_videos/M01003T1X_0012.mp4,365.0,380.0
M01003VMI_0013,/home/dhgbao/Research_Monash/dataset/ccu-data/CCU_COMBINED_ANNOTATED_VIDEO/all_videos/M01003VMI_0013.mp4,473.0,488.0
M01003VNR_0010,/home/dhgbao/Research_Monash/dataset/ccu-data/CCU_COMBINED_ANNOTATED_VIDEO/all_videos/M01003VNR_0010.mp4,423.0,438.0
M01003VOY_0008,/home/dhgbao/Research_Monash/dataset/ccu-data/CCU_COMBINED_ANNOTATED_VIDEO/all_videos/M01003VOY_0008.mp4,2974.0,2989.0
M01003VOY_0011,/home/dhgbao/Research_Monash/dataset/ccu-data/CCU_COMBINED_ANNOTATED_VIDEO/all_videos/M01003VOY_0011.mp4,3019.0,3034.0
M01003VOY_0016,/home/dhgbao/Research_Monash/dataset/ccu-data/CCU_COMBINED_ANNOTATED_VIDEO/all_videos/M01003VOY_0016.mp4,3094.0,3109.0
M01003VPM_0007,/home/dhgbao/Research_Monash/dataset/ccu-data/CCU_COMBINED_ANNOTATED_VIDEO/all_videos/M01003VPM_0007.mp4,163.5,178.5
M01003VPM_0014,/home/dhgbao/Research_Monash/dataset/ccu-data/CCU_COMBINED_ANNOTATED_VIDEO/all_videos/M01003VPM_0014.mp4,268.5,283.5
M01003VUT_0002,/home/dhgbao/Research_Monash/dataset/ccu-data/CCU_COMBINED_ANNOTATED_VIDEO/all_videos/M01003VUT_0002.mp4,991.0,1006.0
M01003VVI_0017,/home/dhgbao/Research_Monash/dataset/ccu-data/CCU_COMBINED_ANNOTATED_VIDEO/all_videos/M01003VVI_0017.mp4,477.0,492.0
M01003VVI_0018,/home/dhgbao/Research_Monash/dataset/ccu-data/CCU_COMBINED_ANNOTATED_VIDEO/all_videos/M01003VVI_0018.mp4,492.0,507.0
M01003JHU_0019,/home/dhgbao/Research_Monash/dataset/ccu-data/CCU_COMBINED_ANNOTATED_VIDEO/all_videos/M01003JHU_0019.mp4,302.1,317.1
M01003JLL_0009,/home/dhgbao/Research_Monash/dataset/ccu-data/CCU_COMBINED_ANNOTATED_VIDEO/all_videos/M01003JLL_0009.mp4,160.3,175.3
M01003JLL_0020,/home/dhgbao/Research_Monash/dataset/ccu-data/CCU_COMBINED_ANNOTATED_VIDEO/all_videos/M01003JLL_0020.mp4,325.3,340.3
M01003JM7_0008,/home/dhgbao/Research_Monash/dataset/ccu-data/CCU_COMBINED_ANNOTATED_VIDEO/all_videos/M01003JM7_0008.mp4,123.6,138.6
M01003JNS_0004,/home/dhgbao/Research_Monash/dataset/ccu-data/CCU_COMBINED_ANNOTATED_VIDEO/all_videos/M01003JNS_0004.mp4,140.4,155.4
M01003JNS_0007,/home/dhgbao/Research_Monash/dataset/ccu-data/CCU_COMBINED_ANNOTATED_VIDEO/all_videos/M01003JNS_0007.mp4,185.4,200.4
M01003JO2_0016,/home/dhgbao/Research_Monash/dataset/ccu-data/CCU_COMBINED_ANNOTATED_VIDEO/all_videos/M01003JO2_0016.mp4,1143.3,1158.3
M01003JO2_0019,/home/dhgbao/Research_Monash/dataset/ccu-data/CCU_COMBINED_ANNOTATED_VIDEO/all_videos/M01003JO2_0019.mp4,1188.3,1203.3
M01003JP8_0012,/home/dhgbao/Research_Monash/dataset/ccu-data/CCU_COMBINED_ANNOTATED_VIDEO/all_videos/M01003JP8_0012.mp4,300.2,315.2
M01003JPT_0008,/home/dhgbao/Research_Monash/dataset/ccu-data/CCU_COMBINED_ANNOTATED_VIDEO/all_videos/M01003JPT_0008.mp4,215.0,230.0
M01003JPT_0016,/home/dhgbao/Research_Monash/dataset/ccu-data/CCU_COMBINED_ANNOTATED_VIDEO/all_videos/M01003JPT_0016.mp4,335.0,350.0
M01003JPT_0019,/home/dhgbao/Research_Monash/dataset/ccu-data/CCU_COMBINED_ANNOTATED_VIDEO/all_videos/M01003JPT_0019.mp4,380.0,395.0
M01003JUG_0014,/home/dhgbao/Research_Monash/dataset/ccu-data/CCU_COMBINED_ANNOTATED_VIDEO/all_videos/M01003JUG_0014.mp4,247.5,262.5
M01003JVQ_0002,/home/dhgbao/Research_Monash/dataset/ccu-data/CCU_COMBINED_ANNOTATED_VIDEO/all_videos/M01003JVQ_0002.mp4,140.9,155.9
M01003JVQ_0005,/home/dhgbao/Research_Monash/dataset/ccu-data/CCU_COMBINED_ANNOTATED_VIDEO/all_videos/M01003JVQ_0005.mp4,185.9,200.9
M01003JVQ_0012,/home/dhgbao/Research_Monash/dataset/ccu-data/CCU_COMBINED_ANNOTATED_VIDEO/all_videos/M01003JVQ_0012.mp4,290.9,305.9
M01003JVQ_0017,/home/dhgbao/Research_Monash/dataset/ccu-data/CCU_COMBINED_ANNOTATED_VIDEO/all_videos/M01003JVQ_0017.mp4,365.9,380.9
M01003JVY_0007,/home/dhgbao/Research_Monash/dataset/ccu-data/CCU_COMBINED_ANNOTATED_VIDEO/all_videos/M01003JVY_0007.mp4,164.3,179.3
M01003JVY_0009,/home/dhgbao/Research_Monash/dataset/ccu-data/CCU_COMBINED_ANNOTATED_VIDEO/all_videos/M01003JVY_0009.mp4,194.3,209.3
M01003K15_0008,/home/dhgbao/Research_Monash/dataset/ccu-data/CCU_COMBINED_ANNOTATED_VIDEO/all_videos/M01003K15_0008.mp4,692.2,707.2
M01003K1N_0013,/home/dhgbao/Research_Monash/dataset/ccu-data/CCU_COMBINED_ANNOTATED_VIDEO/all_videos/M01003K1N_0013.mp4,464.1,479.1
M01003K3J_0015,/home/dhgbao/Research_Monash/dataset/ccu-data/CCU_COMBINED_ANNOTATED_VIDEO/all_videos/M01003K3J_0015.mp4,226.9,241.9
M01003K3J_0018,/home/dhgbao/Research_Monash/dataset/ccu-data/CCU_COMBINED_ANNOTATED_VIDEO/all_videos/M01003K3J_0018.mp4,271.9,286.9
M01003K3J_0006,/home/dhgbao/Research_Monash/dataset/ccu-data/CCU_COMBINED_ANNOTATED_VIDEO/all_videos/M01003K3J_0006.mp4,91.9,106.9
M01003K4X_0006,/home/dhgbao/Research_Monash/dataset/ccu-data/CCU_COMBINED_ANNOTATED_VIDEO/all_videos/M01003K4X_0006.mp4,205.1,220.1
M01003K96_0005,/home/dhgbao/Research_Monash/dataset/ccu-data/CCU_COMBINED_ANNOTATED_VIDEO/all_videos/M01003K96_0005.mp4,93.6,108.6
M01003K9H_0016,/home/dhgbao/Research_Monash/dataset/ccu-data/CCU_COMBINED_ANNOTATED_VIDEO/all_videos/M01003K9H_0016.mp4,291.0,306.0
M01003KBE_0011,/home/dhgbao/Research_Monash/dataset/ccu-data/CCU_COMBINED_ANNOTATED_VIDEO/all_videos/M01003KBE_0011.mp4,387.2,402.2
M01003KC5_0004,/home/dhgbao/Research_Monash/dataset/ccu-data/CCU_COMBINED_ANNOTATED_VIDEO/all_videos/M01003KC5_0004.mp4,391.9,406.9
M01003KC5_0017,/home/dhgbao/Research_Monash/dataset/ccu-data/CCU_COMBINED_ANNOTATED_VIDEO/all_videos/M01003KC5_0017.mp4,586.9,601.9
M01003KEC_0001,/home/dhgbao/Research_Monash/dataset/ccu-data/CCU_COMBINED_ANNOTATED_VIDEO/all_videos/M01003KEC_0001.mp4,109.6,124.6
M01003KEC_0003,/home/dhgbao/Research_Monash/dataset/ccu-data/CCU_COMBINED_ANNOTATED_VIDEO/all_videos/M01003KEC_0003.mp4,139.6,154.6
M01003KEC_0016,/home/dhgbao/Research_Monash/dataset/ccu-data/CCU_COMBINED_ANNOTATED_VIDEO/all_videos/M01003KEC_0016.mp4,334.6,349.6
M01003KL3_0013,/home/dhgbao/Research_Monash/dataset/ccu-data/CCU_COMBINED_ANNOTATED_VIDEO/all_videos/M01003KL3_0013.mp4,560.7,575.7
M01003KL3_0016,/home/dhgbao/Research_Monash/dataset/ccu-data/CCU_COMBINED_ANNOTATED_VIDEO/all_videos/M01003KL3_0016.mp4,605.7,620.7
M01003KL3_0017,/home/dhgbao/Research_Monash/dataset/ccu-data/CCU_COMBINED_ANNOTATED_VIDEO/all_videos/M01003KL3_0017.mp4,620.7,635.7
M01003KP8_0015,/home/dhgbao/Research_Monash/dataset/ccu-data/CCU_COMBINED_ANNOTATED_VIDEO/all_videos/M01003KP8_0015.mp4,672.6,687.6
M01003KPX_0002,/home/dhgbao/Research_Monash/dataset/ccu-data/CCU_COMBINED_ANNOTATED_VIDEO/all_videos/M01003KPX_0002.mp4,60.4,75.4
M01003KSI_0018,/home/dhgbao/Research_Monash/dataset/ccu-data/CCU_COMBINED_ANNOTATED_VIDEO/all_videos/M01003KSI_0018.mp4,492.1,507.1
M01003KTZ_0005,/home/dhgbao/Research_Monash/dataset/ccu-data/CCU_COMBINED_ANNOTATED_VIDEO/all_videos/M01003KTZ_0005.mp4,158.3,173.3
M01003KWW_0016,/home/dhgbao/Research_Monash/dataset/ccu-data/CCU_COMBINED_ANNOTATED_VIDEO/all_videos/M01003KWW_0016.mp4,359.4,374.4
M01003KYF_0003,/home/dhgbao/Research_Monash/dataset/ccu-data/CCU_COMBINED_ANNOTATED_VIDEO/all_videos/M01003KYF_0003.mp4,474.4,489.4
M01003KYF_0010,/home/dhgbao/Research_Monash/dataset/ccu-data/CCU_COMBINED_ANNOTATED_VIDEO/all_videos/M01003KYF_0010.mp4,579.4,594.4
M01003KYF_0013,/home/dhgbao/Research_Monash/dataset/ccu-data/CCU_COMBINED_ANNOTATED_VIDEO/all_videos/M01003KYF_0013.mp4,624.4,639.4
M01003KZ6_0002,/home/dhgbao/Research_Monash/dataset/ccu-data/CCU_COMBINED_ANNOTATED_VIDEO/all_videos/M01003KZ6_0002.mp4,117.1,132.1
M01003L1B_0011,/home/dhgbao/Research_Monash/dataset/ccu-data/CCU_COMBINED_ANNOTATED_VIDEO/all_videos/M01003L1B_0011.mp4,286.7,301.7
M01003L1B_0012,/home/dhgbao/Research_Monash/dataset/ccu-data/CCU_COMBINED_ANNOTATED_VIDEO/all_videos/M01003L1B_0012.mp4,301.7,316.7
M01003L2W_0004,/home/dhgbao/Research_Monash/dataset/ccu-data/CCU_COMBINED_ANNOTATED_VIDEO/all_videos/M01003L2W_0004.mp4,404.1,419.1
M01003L5Q_0007,/home/dhgbao/Research_Monash/dataset/ccu-data/CCU_COMBINED_ANNOTATED_VIDEO/all_videos/M01003L5Q_0007.mp4,782.5,797.5
M01003L5X_0010,/home/dhgbao/Research_Monash/dataset/ccu-data/CCU_COMBINED_ANNOTATED_VIDEO/all_videos/M01003L5X_0010.mp4,307.1,322.1
M01003LAJ_0003,/home/dhgbao/Research_Monash/dataset/ccu-data/CCU_COMBINED_ANNOTATED_VIDEO/all_videos/M01003LAJ_0003.mp4,165.0,180.0
M01003LAJ_0004,/home/dhgbao/Research_Monash/dataset/ccu-data/CCU_COMBINED_ANNOTATED_VIDEO/all_videos/M01003LAJ_0004.mp4,180.0,195.0
M01003LAJ_0005,/home/dhgbao/Research_Monash/dataset/ccu-data/CCU_COMBINED_ANNOTATED_VIDEO/all_videos/M01003LAJ_0005.mp4,195.0,210.0
M01003LAJ_0017,/home/dhgbao/Research_Monash/dataset/ccu-data/CCU_COMBINED_ANNOTATED_VIDEO/all_videos/M01003LAJ_0017.mp4,375.0,390.0
M01003LAJ_0020,/home/dhgbao/Research_Monash/dataset/ccu-data/CCU_COMBINED_ANNOTATED_VIDEO/all_videos/M01003LAJ_0020.mp4,420.0,435.0
M01003LC3_0007,/home/dhgbao/Research_Monash/dataset/ccu-data/CCU_COMBINED_ANNOTATED_VIDEO/all_videos/M01003LC3_0007.mp4,199.7,214.7
M01003LEB_0005,/home/dhgbao/Research_Monash/dataset/ccu-data/CCU_COMBINED_ANNOTATED_VIDEO/all_videos/M01003LEB_0005.mp4,154.6,169.6
M01003LHV_0013,/home/dhgbao/Research_Monash/dataset/ccu-data/CCU_COMBINED_ANNOTATED_VIDEO/all_videos/M01003LHV_0013.mp4,296.8,311.8
M01003LIT_0008,/home/dhgbao/Research_Monash/dataset/ccu-data/CCU_COMBINED_ANNOTATED_VIDEO/all_videos/M01003LIT_0008.mp4,172.2,187.2
M01003LIT_0008,/home/dhgbao/Research_Monash/dataset/ccu-data/CCU_COMBINED_ANNOTATED_VIDEO/all_videos/M01003LIT_0008.mp4,172.2,187.2
M01003LIT_0017,/home/dhgbao/Research_Monash/dataset/ccu-data/CCU_COMBINED_ANNOTATED_VIDEO/all_videos/M01003LIT_0017.mp4,307.2,322.2
M01003LPJ_0016,/home/dhgbao/Research_Monash/dataset/ccu-data/CCU_COMBINED_ANNOTATED_VIDEO/all_videos/M01003LPJ_0016.mp4,588.5,603.5
M01003LPJ_0019,/home/dhgbao/Research_Monash/dataset/ccu-data/CCU_COMBINED_ANNOTATED_VIDEO/all_videos/M01003LPJ_0019.mp4,633.5,648.5
M01003LR2_0008,/home/dhgbao/Research_Monash/dataset/ccu-data/CCU_COMBINED_ANNOTATED_VIDEO/all_videos/M01003LR2_0008.mp4,242.4,257.4
M01003LSE_0015,/home/dhgbao/Research_Monash/dataset/ccu-data/CCU_COMBINED_ANNOTATED_VIDEO/all_videos/M01003LSE_0015.mp4,598.3,613.3
M01003LV3_0003,/home/dhgbao/Research_Monash/dataset/ccu-data/CCU_COMBINED_ANNOTATED_VIDEO/all_videos/M01003LV3_0003.mp4,149.6,164.6
M01003LV3_0006,/home/dhgbao/Research_Monash/dataset/ccu-data/CCU_COMBINED_ANNOTATED_VIDEO/all_videos/M01003LV3_0006.mp4,194.6,209.6
M01003LV3_0013,/home/dhgbao/Research_Monash/dataset/ccu-data/CCU_COMBINED_ANNOTATED_VIDEO/all_videos/M01003LV3_0013.mp4,299.6,314.6
M01003LXV_0013,/home/dhgbao/Research_Monash/dataset/ccu-data/CCU_COMBINED_ANNOTATED_VIDEO/all_videos/M01003LXV_0013.mp4,246.2,261.2
M01003LYI_0007,/home/dhgbao/Research_Monash/dataset/ccu-data/CCU_COMBINED_ANNOTATED_VIDEO/all_videos/M01003LYI_0007.mp4,105.9,120.9
M01003LYI_0010,/home/dhgbao/Research_Monash/dataset/ccu-data/CCU_COMBINED_ANNOTATED_VIDEO/all_videos/M01003LYI_0010.mp4,150.9,165.9
M01003LYY_0010,/home/dhgbao/Research_Monash/dataset/ccu-data/CCU_COMBINED_ANNOTATED_VIDEO/all_videos/M01003LYY_0010.mp4,160.2,175.2
M01003LYY_0019,/home/dhgbao/Research_Monash/dataset/ccu-data/CCU_COMBINED_ANNOTATED_VIDEO/all_videos/M01003LYY_0019.mp4,295.2,310.2
M01003LYY_0003,/home/dhgbao/Research_Monash/dataset/ccu-data/CCU_COMBINED_ANNOTATED_VIDEO/all_videos/M01003LYY_0003.mp4,55.2,70.2
M01003LZW_0006,/home/dhgbao/Research_Monash/dataset/ccu-data/CCU_COMBINED_ANNOTATED_VIDEO/all_videos/M01003LZW_0006.mp4,125.8,140.8
M01003LZW_0017,/home/dhgbao/Research_Monash/dataset/ccu-data/CCU_COMBINED_ANNOTATED_VIDEO/all_videos/M01003LZW_0017.mp4,290.8,305.8
M01003LZW_0002,/home/dhgbao/Research_Monash/dataset/ccu-data/CCU_COMBINED_ANNOTATED_VIDEO/all_videos/M01003LZW_0002.mp4,65.8,80.8
M01003M1I_0002,/home/dhgbao/Research_Monash/dataset/ccu-data/CCU_COMBINED_ANNOTATED_VIDEO/all_videos/M01003M1I_0002.mp4,300.9,315.9
M01003M1I_0015,/home/dhgbao/Research_Monash/dataset/ccu-data/CCU_COMBINED_ANNOTATED_VIDEO/all_videos/M01003M1I_0015.mp4,495.9,510.9
M01003M1Z_0011,/home/dhgbao/Research_Monash/dataset/ccu-data/CCU_COMBINED_ANNOTATED_VIDEO/all_videos/M01003M1Z_0011.mp4,178.3,193.3
M01003M3A_0003,/home/dhgbao/Research_Monash/dataset/ccu-data/CCU_COMBINED_ANNOTATED_VIDEO/all_videos/M01003M3A_0003.mp4,48.5,63.5
M01003M4V_0009,/home/dhgbao/Research_Monash/dataset/ccu-data/CCU_COMBINED_ANNOTATED_VIDEO/all_videos/M01003M4V_0009.mp4,145.6,160.6
M01003M4V_0012,/home/dhgbao/Research_Monash/dataset/ccu-data/CCU_COMBINED_ANNOTATED_VIDEO/all_videos/M01003M4V_0012.mp4,190.6,205.6
M01003M4V_0013,/home/dhgbao/Research_Monash/dataset/ccu-data/CCU_COMBINED_ANNOTATED_VIDEO/all_videos/M01003M4V_0013.mp4,205.6,220.6
M01003M4V_0003,/home/dhgbao/Research_Monash/dataset/ccu-data/CCU_COMBINED_ANNOTATED_VIDEO/all_videos/M01003M4V_0003.mp4,55.6,70.6
M01003M51_0009,/home/dhgbao/Research_Monash/dataset/ccu-data/CCU_COMBINED_ANNOTATED_VIDEO/all_videos/M01003M51_0009.mp4,189.1,204.1
M01003M51_0019,/home/dhgbao/Research_Monash/dataset/ccu-data/CCU_COMBINED_ANNOTATED_VIDEO/all_videos/M01003M51_0019.mp4,339.1,354.1
M01003M5I_0002,/home/dhgbao/Research_Monash/dataset/ccu-data/CCU_COMBINED_ANNOTATED_VIDEO/all_videos/M01003M5I_0002.mp4,99.5,114.5
M01003M5I_0012,/home/dhgbao/Research_Monash/dataset/ccu-data/CCU_COMBINED_ANNOTATED_VIDEO/all_videos/M01003M5I_0012.mp4,249.5,264.5
M01003M66_0008,/home/dhgbao/Research_Monash/dataset/ccu-data/CCU_COMBINED_ANNOTATED_VIDEO/all_videos/M01003M66_0008.mp4,342.2,357.2
M01003M66_0019,/home/dhgbao/Research_Monash/dataset/ccu-data/CCU_COMBINED_ANNOTATED_VIDEO/all_videos/M01003M66_0019.mp4,507.2,522.2
M01003ME4_0012,/home/dhgbao/Research_Monash/dataset/ccu-data/CCU_COMBINED_ANNOTATED_VIDEO/all_videos/M01003ME4_0012.mp4,591.0,606.0
M01003ME4_0013,/home/dhgbao/Research_Monash/dataset/ccu-data/CCU_COMBINED_ANNOTATED_VIDEO/all_videos/M01003ME4_0013.mp4,606.0,621.0
M01003ME4_0014,/home/dhgbao/Research_Monash/dataset/ccu-data/CCU_COMBINED_ANNOTATED_VIDEO/all_videos/M01003ME4_0014.mp4,621.0,636.0
M01003ME4_0016,/home/dhgbao/Research_Monash/dataset/ccu-data/CCU_COMBINED_ANNOTATED_VIDEO/all_videos/M01003ME4_0016.mp4,651.0,666.0
M01003MEI_0009,/home/dhgbao/Research_Monash/dataset/ccu-data/CCU_COMBINED_ANNOTATED_VIDEO/all_videos/M01003MEI_0009.mp4,340.6,355.6
M01003MJ8_0006,/home/dhgbao/Research_Monash/dataset/ccu-data/CCU_COMBINED_ANNOTATED_VIDEO/all_videos/M01003MJ8_0006.mp4,427.0,442.0
M01003MJP_0007,/home/dhgbao/Research_Monash/dataset/ccu-data/CCU_COMBINED_ANNOTATED_VIDEO/all_videos/M01003MJP_0007.mp4,176.9,191.9
M01003MJP_0011,/home/dhgbao/Research_Monash/dataset/ccu-data/CCU_COMBINED_ANNOTATED_VIDEO/all_videos/M01003MJP_0011.mp4,236.9,251.9
M01003MJP_0013,/home/dhgbao/Research_Monash/dataset/ccu-data/CCU_COMBINED_ANNOTATED_VIDEO/all_videos/M01003MJP_0013.mp4,266.9,281.9
M01003MK7_0017,/home/dhgbao/Research_Monash/dataset/ccu-data/CCU_COMBINED_ANNOTATED_VIDEO/all_videos/M01003MK7_0017.mp4,543.2,558.2
M01003MMB_0008,/home/dhgbao/Research_Monash/dataset/ccu-data/CCU_COMBINED_ANNOTATED_VIDEO/all_videos/M01003MMB_0008.mp4,194.1,209.1
M01003MNH_0009,/home/dhgbao/Research_Monash/dataset/ccu-data/CCU_COMBINED_ANNOTATED_VIDEO/all_videos/M01003MNH_0009.mp4,187.8,202.8
M01003MNH_0016,/home/dhgbao/Research_Monash/dataset/ccu-data/CCU_COMBINED_ANNOTATED_VIDEO/all_videos/M01003MNH_0016.mp4,292.8,307.8
M01003MNR_0005,/home/dhgbao/Research_Monash/dataset/ccu-data/CCU_COMBINED_ANNOTATED_VIDEO/all_videos/M01003MNR_0005.mp4,239.8,254.8
M01003MNR_0010,/home/dhgbao/Research_Monash/dataset/ccu-data/CCU_COMBINED_ANNOTATED_VIDEO/all_videos/M01003MNR_0010.mp4,314.8,329.8
M01003MNR_0012,/home/dhgbao/Research_Monash/dataset/ccu-data/CCU_COMBINED_ANNOTATED_VIDEO/all_videos/M01003MNR_0012.mp4,344.8,359.8
M01003MNR_0016,/home/dhgbao/Research_Monash/dataset/ccu-data/CCU_COMBINED_ANNOTATED_VIDEO/all_videos/M01003MNR_0016.mp4,404.8,419.8
M01003MPR_0013,/home/dhgbao/Research_Monash/dataset/ccu-data/CCU_COMBINED_ANNOTATED_VIDEO/all_videos/M01003MPR_0013.mp4,221.7,236.7
M01003MPZ_0017,/home/dhgbao/Research_Monash/dataset/ccu-data/CCU_COMBINED_ANNOTATED_VIDEO/all_videos/M01003MPZ_0017.mp4,255.3,270.3
M01003MQM_0015,/home/dhgbao/Research_Monash/dataset/ccu-data/CCU_COMBINED_ANNOTATED_VIDEO/all_videos/M01003MQM_0015.mp4,403.0,418.0
M01003MQY_0005,/home/dhgbao/Research_Monash/dataset/ccu-data/CCU_COMBINED_ANNOTATED_VIDEO/all_videos/M01003MQY_0005.mp4,1284.3,1299.3
M01003MQY_0019,/home/dhgbao/Research_Monash/dataset/ccu-data/CCU_COMBINED_ANNOTATED_VIDEO/all_videos/M01003MQY_0019.mp4,1494.3,1509.3
M01003MS6_0001,/home/dhgbao/Research_Monash/dataset/ccu-data/CCU_COMBINED_ANNOTATED_VIDEO/all_videos/M01003MS6_0001.mp4,54.8,69.8
M01003MST_0015,/home/dhgbao/Research_Monash/dataset/ccu-data/CCU_COMBINED_ANNOTATED_VIDEO/all_videos/M01003MST_0015.mp4,1607.1,1622.1
M01003MU4_0013,/home/dhgbao/Research_Monash/dataset/ccu-data/CCU_COMBINED_ANNOTATED_VIDEO/all_videos/M01003MU4_0013.mp4,258.7,273.7
M01003MWN_0003,/home/dhgbao/Research_Monash/dataset/ccu-data/CCU_COMBINED_ANNOTATED_VIDEO/all_videos/M01003MWN_0003.mp4,166.1,181.1
M01003MWN_0014,/home/dhgbao/Research_Monash/dataset/ccu-data/CCU_COMBINED_ANNOTATED_VIDEO/all_videos/M01003MWN_0014.mp4,331.1,346.1
M01003MX4_0015,/home/dhgbao/Research_Monash/dataset/ccu-data/CCU_COMBINED_ANNOTATED_VIDEO/all_videos/M01003MX4_0015.mp4,587.3,602.3
M01003MY2_0006,/home/dhgbao/Research_Monash/dataset/ccu-data/CCU_COMBINED_ANNOTATED_VIDEO/all_videos/M01003MY2_0006.mp4,472.7,487.7
M01003N26_0003,/home/dhgbao/Research_Monash/dataset/ccu-data/CCU_COMBINED_ANNOTATED_VIDEO/all_videos/M01003N26_0003.mp4,208.9,223.9
M01003N26_0010,/home/dhgbao/Research_Monash/dataset/ccu-data/CCU_COMBINED_ANNOTATED_VIDEO/all_videos/M01003N26_0010.mp4,313.9,328.9
M01003N26_0015,/home/dhgbao/Research_Monash/dataset/ccu-data/CCU_COMBINED_ANNOTATED_VIDEO/all_videos/M01003N26_0015.mp4,388.9,403.9
M01003N26_0017,/home/dhgbao/Research_Monash/dataset/ccu-data/CCU_COMBINED_ANNOTATED_VIDEO/all_videos/M01003N26_0017.mp4,418.9,433.9
M01003N2J_0018,/home/dhgbao/Research_Monash/dataset/ccu-data/CCU_COMBINED_ANNOTATED_VIDEO/all_videos/M01003N2J_0018.mp4,458.6,473.6
M01003N34_0012,/home/dhgbao/Research_Monash/dataset/ccu-data/CCU_COMBINED_ANNOTATED_VIDEO/all_videos/M01003N34_0012.mp4,195.1,210.1
M01003N34_0003,/home/dhgbao/Research_Monash/dataset/ccu-data/CCU_COMBINED_ANNOTATED_VIDEO/all_videos/M01003N34_0003.mp4,60.1,75.1
M01003N43_0017,/home/dhgbao/Research_Monash/dataset/ccu-data/CCU_COMBINED_ANNOTATED_VIDEO/all_videos/M01003N43_0017.mp4,297.3,312.3
M01003N5G_0002,/home/dhgbao/Research_Monash/dataset/ccu-data/CCU_COMBINED_ANNOTATED_VIDEO/all_videos/M01003N5G_0002.mp4,33.9,48.9
M01003N5G_0005,/home/dhgbao/Research_Monash/dataset/ccu-data/CCU_COMBINED_ANNOTATED_VIDEO/all_videos/M01003N5G_0005.mp4,78.9,93.9
M01003N5M_0008,/home/dhgbao/Research_Monash/dataset/ccu-data/CCU_COMBINED_ANNOTATED_VIDEO/all_videos/M01003N5M_0008.mp4,121.1,136.1
M01003N5M_0012,/home/dhgbao/Research_Monash/dataset/ccu-data/CCU_COMBINED_ANNOTATED_VIDEO/all_videos/M01003N5M_0012.mp4,181.1,196.1
M01003N5M_0016,/home/dhgbao/Research_Monash/dataset/ccu-data/CCU_COMBINED_ANNOTATED_VIDEO/all_videos/M01003N5M_0016.mp4,241.1,256.1
M01003N6D_0003,/home/dhgbao/Research_Monash/dataset/ccu-data/CCU_COMBINED_ANNOTATED_VIDEO/all_videos/M01003N6D_0003.mp4,776.2,791.2
M01003N7T_0020,/home/dhgbao/Research_Monash/dataset/ccu-data/CCU_COMBINED_ANNOTATED_VIDEO/all_videos/M01003N7T_0020.mp4,305.1,320.1
M01003N8Z_0018,/home/dhgbao/Research_Monash/dataset/ccu-data/CCU_COMBINED_ANNOTATED_VIDEO/all_videos/M01003N8Z_0018.mp4,276.2,291.2
M01003N9I_0002,/home/dhgbao/Research_Monash/dataset/ccu-data/CCU_COMBINED_ANNOTATED_VIDEO/all_videos/M01003N9I_0002.mp4,237.9,252.9
M01003N9I_0018,/home/dhgbao/Research_Monash/dataset/ccu-data/CCU_COMBINED_ANNOTATED_VIDEO/all_videos/M01003N9I_0018.mp4,477.9,492.9
M01003NA6_0012,/home/dhgbao/Research_Monash/dataset/ccu-data/CCU_COMBINED_ANNOTATED_VIDEO/all_videos/M01003NA6_0012.mp4,231.2,246.2
M01003NA6_0017,/home/dhgbao/Research_Monash/dataset/ccu-data/CCU_COMBINED_ANNOTATED_VIDEO/all_videos/M01003NA6_0017.mp4,306.2,321.2
M01003NB4_0011,/home/dhgbao/Research_Monash/dataset/ccu-data/CCU_COMBINED_ANNOTATED_VIDEO/all_videos/M01003NB4_0011.mp4,241.0,256.0
M01003NF7_0012,/home/dhgbao/Research_Monash/dataset/ccu-data/CCU_COMBINED_ANNOTATED_VIDEO/all_videos/M01003NF7_0012.mp4,414.6,429.6
M01003NHR_0018,/home/dhgbao/Research_Monash/dataset/ccu-data/CCU_COMBINED_ANNOTATED_VIDEO/all_videos/M01003NHR_0018.mp4,382.4,397.4
M01003NOV_0015,/home/dhgbao/Research_Monash/dataset/ccu-data/CCU_COMBINED_ANNOTATED_VIDEO/all_videos/M01003NOV_0015.mp4,417.4,432.4
M01003NQY_0012,/home/dhgbao/Research_Monash/dataset/ccu-data/CCU_COMBINED_ANNOTATED_VIDEO/all_videos/M01003NQY_0012.mp4,384.3,399.3
M01003NQY_0018,/home/dhgbao/Research_Monash/dataset/ccu-data/CCU_COMBINED_ANNOTATED_VIDEO/all_videos/M01003NQY_0018.mp4,474.3,489.3
M01003NSR_0004,/home/dhgbao/Research_Monash/dataset/ccu-data/CCU_COMBINED_ANNOTATED_VIDEO/all_videos/M01003NSR_0004.mp4,81.0,96.0
M01003NUE_0016,/home/dhgbao/Research_Monash/dataset/ccu-data/CCU_COMBINED_ANNOTATED_VIDEO/all_videos/M01003NUE_0016.mp4,855.8,870.8
M01003NZ8_0001,/home/dhgbao/Research_Monash/dataset/ccu-data/CCU_COMBINED_ANNOTATED_VIDEO/all_videos/M01003NZ8_0001.mp4,38.8,53.8
M01003O2A_0006,/home/dhgbao/Research_Monash/dataset/ccu-data/CCU_COMBINED_ANNOTATED_VIDEO/all_videos/M01003O2A_0006.mp4,95.5,110.5
M01003O3O_0013,/home/dhgbao/Research_Monash/dataset/ccu-data/CCU_COMBINED_ANNOTATED_VIDEO/all_videos/M01003O3O_0013.mp4,439.9,454.9
M01003O4L_0010,/home/dhgbao/Research_Monash/dataset/ccu-data/CCU_COMBINED_ANNOTATED_VIDEO/all_videos/M01003O4L_0010.mp4,154.0,169.0
M01003O73_0010,/home/dhgbao/Research_Monash/dataset/ccu-data/CCU_COMBINED_ANNOTATED_VIDEO/all_videos/M01003O73_0010.mp4,164.9,179.9
M01003OAC_0017,/home/dhgbao/Research_Monash/dataset/ccu-data/CCU_COMBINED_ANNOTATED_VIDEO/all_videos/M01003OAC_0017.mp4,366.8,381.8
M01003OAV_0020,/home/dhgbao/Research_Monash/dataset/ccu-data/CCU_COMBINED_ANNOTATED_VIDEO/all_videos/M01003OAV_0020.mp4,1064.3,1079.3
M01003OBK_0008,/home/dhgbao/Research_Monash/dataset/ccu-data/CCU_COMBINED_ANNOTATED_VIDEO/all_videos/M01003OBK_0008.mp4,131.9,146.9
M01003OD7_0010,/home/dhgbao/Research_Monash/dataset/ccu-data/CCU_COMBINED_ANNOTATED_VIDEO/all_videos/M01003OD7_0010.mp4,957.4,972.4
M01003OEB_0003,/home/dhgbao/Research_Monash/dataset/ccu-data/CCU_COMBINED_ANNOTATED_VIDEO/all_videos/M01003OEB_0003.mp4,224.0,239.0
M01003OEB_0003,/home/dhgbao/Research_Monash/dataset/ccu-data/CCU_COMBINED_ANNOTATED_VIDEO/all_videos/M01003OEB_0003.mp4,224.0,239.0
M01003OEW_0007,/home/dhgbao/Research_Monash/dataset/ccu-data/CCU_COMBINED_ANNOTATED_VIDEO/all_videos/M01003OEW_0007.mp4,119.2,134.2
M01003OEW_0009,/home/dhgbao/Research_Monash/dataset/ccu-data/CCU_COMBINED_ANNOTATED_VIDEO/all_videos/M01003OEW_0009.mp4,149.2,164.2
M01003OH0_0003,/home/dhgbao/Research_Monash/dataset/ccu-data/CCU_COMBINED_ANNOTATED_VIDEO/all_videos/M01003OH0_0003.mp4,275.5,290.5
M01003OH0_0006,/home/dhgbao/Research_Monash/dataset/ccu-data/CCU_COMBINED_ANNOTATED_VIDEO/all_videos/M01003OH0_0006.mp4,320.5,335.5
M01003OH0_0015,/home/dhgbao/Research_Monash/dataset/ccu-data/CCU_COMBINED_ANNOTATED_VIDEO/all_videos/M01003OH0_0015.mp4,455.5,470.5
M01003OH0_0020,/home/dhgbao/Research_Monash/dataset/ccu-data/CCU_COMBINED_ANNOTATED_VIDEO/all_videos/M01003OH0_0020.mp4,530.5,545.5
M01003OI1_0017,/home/dhgbao/Research_Monash/dataset/ccu-data/CCU_COMBINED_ANNOTATED_VIDEO/all_videos/M01003OI1_0017.mp4,269.1,284.1
M01003OI1_0020,/home/dhgbao/Research_Monash/dataset/ccu-data/CCU_COMBINED_ANNOTATED_VIDEO/all_videos/M01003OI1_0020.mp4,314.1,329.1
M01003OJ2_0009,/home/dhgbao/Research_Monash/dataset/ccu-data/CCU_COMBINED_ANNOTATED_VIDEO/all_videos/M01003OJ2_0009.mp4,197.9,212.9
M01003OL0_0006,/home/dhgbao/Research_Monash/dataset/ccu-data/CCU_COMBINED_ANNOTATED_VIDEO/all_videos/M01003OL0_0006.mp4,194.3,209.3
M01003OL0_0015,/home/dhgbao/Research_Monash/dataset/ccu-data/CCU_COMBINED_ANNOTATED_VIDEO/all_videos/M01003OL0_0015.mp4,329.3,344.3
M01003OLW_0009,/home/dhgbao/Research_Monash/dataset/ccu-data/CCU_COMBINED_ANNOTATED_VIDEO/all_videos/M01003OLW_0009.mp4,449.4,464.4
M01003OM3_0015,/home/dhgbao/Research_Monash/dataset/ccu-data/CCU_COMBINED_ANNOTATED_VIDEO/all_videos/M01003OM3_0015.mp4,228.4,243.4
M01003OM3_0005,/home/dhgbao/Research_Monash/dataset/ccu-data/CCU_COMBINED_ANNOTATED_VIDEO/all_videos/M01003OM3_0005.mp4,78.4,93.4
M01003OML_0006,/home/dhgbao/Research_Monash/dataset/ccu-data/CCU_COMBINED_ANNOTATED_VIDEO/all_videos/M01003OML_0006.mp4,138.1,153.1
M01003OML_0013,/home/dhgbao/Research_Monash/dataset/ccu-data/CCU_COMBINED_ANNOTATED_VIDEO/all_videos/M01003OML_0013.mp4,243.1,258.1
M01003OP7_0017,/home/dhgbao/Research_Monash/dataset/ccu-data/CCU_COMBINED_ANNOTATED_VIDEO/all_videos/M01003OP7_0017.mp4,296.5,311.5
M01003OQG_0003,/home/dhgbao/Research_Monash/dataset/ccu-data/CCU_COMBINED_ANNOTATED_VIDEO/all_videos/M01003OQG_0003.mp4,996.7,1011.7
M01003OQL_0020,/home/dhgbao/Research_Monash/dataset/ccu-data/CCU_COMBINED_ANNOTATED_VIDEO/all_videos/M01003OQL_0020.mp4,517.0,532.0
M01003ORE_0015,/home/dhgbao/Research_Monash/dataset/ccu-data/CCU_COMBINED_ANNOTATED_VIDEO/all_videos/M01003ORE_0015.mp4,238.1,253.1
M01003ORP_0007,/home/dhgbao/Research_Monash/dataset/ccu-data/CCU_COMBINED_ANNOTATED_VIDEO/all_videos/M01003ORP_0007.mp4,298.4,313.4
M01003ORP_0009,/home/dhgbao/Research_Monash/dataset/ccu-data/CCU_COMBINED_ANNOTATED_VIDEO/all_videos/M01003ORP_0009.mp4,328.4,343.4
M01003OS6_0010,/home/dhgbao/Research_Monash/dataset/ccu-data/CCU_COMBINED_ANNOTATED_VIDEO/all_videos/M01003OS6_0010.mp4,1007.8,1022.8
M01003OTD_0019,/home/dhgbao/Research_Monash/dataset/ccu-data/CCU_COMBINED_ANNOTATED_VIDEO/all_videos/M01003OTD_0019.mp4,353.8,368.8
M01003OX1_0002,/home/dhgbao/Research_Monash/dataset/ccu-data/CCU_COMBINED_ANNOTATED_VIDEO/all_videos/M01003OX1_0002.mp4,226.5,241.5
M01003OX1_0005,/home/dhgbao/Research_Monash/dataset/ccu-data/CCU_COMBINED_ANNOTATED_VIDEO/all_videos/M01003OX1_0005.mp4,271.5,286.5
M01003OX1_0006,/home/dhgbao/Research_Monash/dataset/ccu-data/CCU_COMBINED_ANNOTATED_VIDEO/all_videos/M01003OX1_0006.mp4,286.5,301.5
M01003OX1_0008,/home/dhgbao/Research_Monash/dataset/ccu-data/CCU_COMBINED_ANNOTATED_VIDEO/all_videos/M01003OX1_0008.mp4,316.5,331.5
M01003OX1_0009,/home/dhgbao/Research_Monash/dataset/ccu-data/CCU_COMBINED_ANNOTATED_VIDEO/all_videos/M01003OX1_0009.mp4,331.5,346.5
M01003OZ6_0001,/home/dhgbao/Research_Monash/dataset/ccu-data/CCU_COMBINED_ANNOTATED_VIDEO/all_videos/M01003OZ6_0001.mp4,217.2,232.2
M01003P0A_0011,/home/dhgbao/Research_Monash/dataset/ccu-data/CCU_COMBINED_ANNOTATED_VIDEO/all_videos/M01003P0A_0011.mp4,334.8,349.8
M01003P2A_0013,/home/dhgbao/Research_Monash/dataset/ccu-data/CCU_COMBINED_ANNOTATED_VIDEO/all_videos/M01003P2A_0013.mp4,242.8,257.8
M01003P2A_0015,/home/dhgbao/Research_Monash/dataset/ccu-data/CCU_COMBINED_ANNOTATED_VIDEO/all_videos/M01003P2A_0015.mp4,272.8,287.8
M01003P3V_0005,/home/dhgbao/Research_Monash/dataset/ccu-data/CCU_COMBINED_ANNOTATED_VIDEO/all_videos/M01003P3V_0005.mp4,230.4,245.4
M01003P3V_0011,/home/dhgbao/Research_Monash/dataset/ccu-data/CCU_COMBINED_ANNOTATED_VIDEO/all_videos/M01003P3V_0011.mp4,320.4,335.4
M01003P3V_0012,/home/dhgbao/Research_Monash/dataset/ccu-data/CCU_COMBINED_ANNOTATED_VIDEO/all_videos/M01003P3V_0012.mp4,335.4,350.4
M01003P3V_0016,/home/dhgbao/Research_Monash/dataset/ccu-data/CCU_COMBINED_ANNOTATED_VIDEO/all_videos/M01003P3V_0016.mp4,395.4,410.4
M01003P4V_0009,/home/dhgbao/Research_Monash/dataset/ccu-data/CCU_COMBINED_ANNOTATED_VIDEO/all_videos/M01003P4V_0009.mp4,317.9,332.9
M01003P92_0004,/home/dhgbao/Research_Monash/dataset/ccu-data/CCU_COMBINED_ANNOTATED_VIDEO/all_videos/M01003P92_0004.mp4,159.0,174.0
M01003P9S_0007,/home/dhgbao/Research_Monash/dataset/ccu-data/CCU_COMBINED_ANNOTATED_VIDEO/all_videos/M01003P9S_0007.mp4,111.4,126.4
M01003P9X_0006,/home/dhgbao/Research_Monash/dataset/ccu-data/CCU_COMBINED_ANNOTATED_VIDEO/all_videos/M01003P9X_0006.mp4,290.9,305.9
M01003P9X_0016,/home/dhgbao/Research_Monash/dataset/ccu-data/CCU_COMBINED_ANNOTATED_VIDEO/all_videos/M01003P9X_0016.mp4,440.9,455.9
M01003PAJ_0006,/home/dhgbao/Research_Monash/dataset/ccu-data/CCU_COMBINED_ANNOTATED_VIDEO/all_videos/M01003PAJ_0006.mp4,308.4,323.4
M01003PHF_0012,/home/dhgbao/Research_Monash/dataset/ccu-data/CCU_COMBINED_ANNOTATED_VIDEO/all_videos/M01003PHF_0012.mp4,269.7,284.7
M01003PJ4_0006,/home/dhgbao/Research_Monash/dataset/ccu-data/CCU_COMBINED_ANNOTATED_VIDEO/all_videos/M01003PJ4_0006.mp4,98.3,113.3
M01003PP6_0007,/home/dhgbao/Research_Monash/dataset/ccu-data/CCU_COMBINED_ANNOTATED_VIDEO/all_videos/M01003PP6_0007.mp4,108.2,123.2
M01003PU4_0007,/home/dhgbao/Research_Monash/dataset/ccu-data/CCU_COMBINED_ANNOTATED_VIDEO/all_videos/M01003PU4_0007.mp4,122.5,137.5
M01003PZ9_0005,/home/dhgbao/Research_Monash/dataset/ccu-data/CCU_COMBINED_ANNOTATED_VIDEO/all_videos/M01003PZ9_0005.mp4,114.4,129.4
M01003PZ9_0008,/home/dhgbao/Research_Monash/dataset/ccu-data/CCU_COMBINED_ANNOTATED_VIDEO/all_videos/M01003PZ9_0008.mp4,159.4,174.4
M01003PZ9_0016,/home/dhgbao/Research_Monash/dataset/ccu-data/CCU_COMBINED_ANNOTATED_VIDEO/all_videos/M01003PZ9_0016.mp4,279.4,294.4
M01003PZC_0020,/home/dhgbao/Research_Monash/dataset/ccu-data/CCU_COMBINED_ANNOTATED_VIDEO/all_videos/M01003PZC_0020.mp4,468.5,483.5
M01003Q0L_0008,/home/dhgbao/Research_Monash/dataset/ccu-data/CCU_COMBINED_ANNOTATED_VIDEO/all_videos/M01003Q0L_0008.mp4,123.3,138.3
M01003Q0L_0018,/home/dhgbao/Research_Monash/dataset/ccu-data/CCU_COMBINED_ANNOTATED_VIDEO/all_videos/M01003Q0L_0018.mp4,273.3,288.3
M01003Q1O_0014,/home/dhgbao/Research_Monash/dataset/ccu-data/CCU_COMBINED_ANNOTATED_VIDEO/all_videos/M01003Q1O_0014.mp4,260.9,275.9
M01003Q1O_0017,/home/dhgbao/Research_Monash/dataset/ccu-data/CCU_COMBINED_ANNOTATED_VIDEO/all_videos/M01003Q1O_0017.mp4,305.9,320.9
M01003Q35_0014,/home/dhgbao/Research_Monash/dataset/ccu-data/CCU_COMBINED_ANNOTATED_VIDEO/all_videos/M01003Q35_0014.mp4,227.7,242.7
M01003Q62_0007,/home/dhgbao/Research_Monash/dataset/ccu-data/CCU_COMBINED_ANNOTATED_VIDEO/all_videos/M01003Q62_0007.mp4,141.6,156.6
M01003Q62_0015,/home/dhgbao/Research_Monash/dataset/ccu-data/CCU_COMBINED_ANNOTATED_VIDEO/all_videos/M01003Q62_0015.mp4,261.6,276.6
M01003Q6M_0003,/home/dhgbao/Research_Monash/dataset/ccu-data/CCU_COMBINED_ANNOTATED_VIDEO/all_videos/M01003Q6M_0003.mp4,81.9,96.9
M01003Q7W_0004,/home/dhgbao/Research_Monash/dataset/ccu-data/CCU_COMBINED_ANNOTATED_VIDEO/all_videos/M01003Q7W_0004.mp4,135.1,150.1
M01003Q7W_0007,/home/dhgbao/Research_Monash/dataset/ccu-data/CCU_COMBINED_ANNOTATED_VIDEO/all_videos/M01003Q7W_0007.mp4,180.1,195.1
M01003Q7W_0011,/home/dhgbao/Research_Monash/dataset/ccu-data/CCU_COMBINED_ANNOTATED_VIDEO/all_videos/M01003Q7W_0011.mp4,240.1,255.1
M01003Q7W_0011,/home/dhgbao/Research_Monash/dataset/ccu-data/CCU_COMBINED_ANNOTATED_VIDEO/all_videos/M01003Q7W_0011.mp4,240.1,255.1
M01003Q7W_0018,/home/dhgbao/Research_Monash/dataset/ccu-data/CCU_COMBINED_ANNOTATED_VIDEO/all_videos/M01003Q7W_0018.mp4,345.1,360.1
M01003QAX_0003,/home/dhgbao/Research_Monash/dataset/ccu-data/CCU_COMBINED_ANNOTATED_VIDEO/all_videos/M01003QAX_0003.mp4,45.2,60.2
M01003QGT_0004,/home/dhgbao/Research_Monash/dataset/ccu-data/CCU_COMBINED_ANNOTATED_VIDEO/all_videos/M01003QGT_0004.mp4,1267.7,1282.7
M01003QGT_0020,/home/dhgbao/Research_Monash/dataset/ccu-data/CCU_COMBINED_ANNOTATED_VIDEO/all_videos/M01003QGT_0020.mp4,1507.7,1522.7
M01003QHI_0019,/home/dhgbao/Research_Monash/dataset/ccu-data/CCU_COMBINED_ANNOTATED_VIDEO/all_videos/M01003QHI_0019.mp4,474.9,489.9
M01003QIW_0005,/home/dhgbao/Research_Monash/dataset/ccu-data/CCU_COMBINED_ANNOTATED_VIDEO/all_videos/M01003QIW_0005.mp4,510.0,525.0
M01003QLX_0010,/home/dhgbao/Research_Monash/dataset/ccu-data/CCU_COMBINED_ANNOTATED_VIDEO/all_videos/M01003QLX_0010.mp4,237.1,252.1
M01003QM4_0014,/home/dhgbao/Research_Monash/dataset/ccu-data/CCU_COMBINED_ANNOTATED_VIDEO/all_videos/M01003QM4_0014.mp4,525.2,540.2
M01003QOD_0017,/home/dhgbao/Research_Monash/dataset/ccu-data/CCU_COMBINED_ANNOTATED_VIDEO/all_videos/M01003QOD_0017.mp4,392.7,407.7
M01003QOK_0009,/home/dhgbao/Research_Monash/dataset/ccu-data/CCU_COMBINED_ANNOTATED_VIDEO/all_videos/M01003QOK_0009.mp4,2101.8,2116.8
M01003QPQ_0011,/home/dhgbao/Research_Monash/dataset/ccu-data/CCU_COMBINED_ANNOTATED_VIDEO/all_videos/M01003QPQ_0011.mp4,916.5,931.5
M01003QU6_0014,/home/dhgbao/Research_Monash/dataset/ccu-data/CCU_COMBINED_ANNOTATED_VIDEO/all_videos/M01003QU6_0014.mp4,225.9,240.9
M01003QV4_0003,/home/dhgbao/Research_Monash/dataset/ccu-data/CCU_COMBINED_ANNOTATED_VIDEO/all_videos/M01003QV4_0003.mp4,134.3,149.3
M01003QWS_0016,/home/dhgbao/Research_Monash/dataset/ccu-data/CCU_COMBINED_ANNOTATED_VIDEO/all_videos/M01003QWS_0016.mp4,265.9,280.9
M01003QWS_0004,/home/dhgbao/Research_Monash/dataset/ccu-data/CCU_COMBINED_ANNOTATED_VIDEO/all_videos/M01003QWS_0004.mp4,85.9,100.9
M01003QXA_0009,/home/dhgbao/Research_Monash/dataset/ccu-data/CCU_COMBINED_ANNOTATED_VIDEO/all_videos/M01003QXA_0009.mp4,213.9,228.9
M01003QYA_0016,/home/dhgbao/Research_Monash/dataset/ccu-data/CCU_COMBINED_ANNOTATED_VIDEO/all_videos/M01003QYA_0016.mp4,611.2,626.2
M01003QYL_0004,/home/dhgbao/Research_Monash/dataset/ccu-data/CCU_COMBINED_ANNOTATED_VIDEO/all_videos/M01003QYL_0004.mp4,716.0,731.0
M01003QZB_0003,/home/dhgbao/Research_Monash/dataset/ccu-data/CCU_COMBINED_ANNOTATED_VIDEO/all_videos/M01003QZB_0003.mp4,595.4,610.4
M01003R2J_0002,/home/dhgbao/Research_Monash/dataset/ccu-data/CCU_COMBINED_ANNOTATED_VIDEO/all_videos/M01003R2J_0002.mp4,104.1,119.1
M01003R3A_0002,/home/dhgbao/Research_Monash/dataset/ccu-data/CCU_COMBINED_ANNOTATED_VIDEO/all_videos/M01003R3A_0002.mp4,121.2,136.2
M01003R3Y_0008,/home/dhgbao/Research_Monash/dataset/ccu-data/CCU_COMBINED_ANNOTATED_VIDEO/all_videos/M01003R3Y_0008.mp4,444.6,459.6
M01003R3Y_0013,/home/dhgbao/Research_Monash/dataset/ccu-data/CCU_COMBINED_ANNOTATED_VIDEO/all_videos/M01003R3Y_0013.mp4,519.6,534.6
M01003R57_0009,/home/dhgbao/Research_Monash/dataset/ccu-data/CCU_COMBINED_ANNOTATED_VIDEO/all_videos/M01003R57_0009.mp4,341.7,356.7
M01003R57_0018,/home/dhgbao/Research_Monash/dataset/ccu-data/CCU_COMBINED_ANNOTATED_VIDEO/all_videos/M01003R57_0018.mp4,476.7,491.7
M01003R5E_0012,/home/dhgbao/Research_Monash/dataset/ccu-data/CCU_COMBINED_ANNOTATED_VIDEO/all_videos/M01003R5E_0012.mp4,516.5,531.5
M01003R5K_0004,/home/dhgbao/Research_Monash/dataset/ccu-data/CCU_COMBINED_ANNOTATED_VIDEO/all_videos/M01003R5K_0004.mp4,394.0,409.0
M01003R5K_0011,/home/dhgbao/Research_Monash/dataset/ccu-data/CCU_COMBINED_ANNOTATED_VIDEO/all_videos/M01003R5K_0011.mp4,499.0,514.0
M01003R5K_0017,/home/dhgbao/Research_Monash/dataset/ccu-data/CCU_COMBINED_ANNOTATED_VIDEO/all_videos/M01003R5K_0017.mp4,589.0,604.0
M01003R5K_0019,/home/dhgbao/Research_Monash/dataset/ccu-data/CCU_COMBINED_ANNOTATED_VIDEO/all_videos/M01003R5K_0019.mp4,619.0,634.0
M01003R6Z_0004,/home/dhgbao/Research_Monash/dataset/ccu-data/CCU_COMBINED_ANNOTATED_VIDEO/all_videos/M01003R6Z_0004.mp4,102.5,117.5
M01003R6Z_0007,/home/dhgbao/Research_Monash/dataset/ccu-data/CCU_COMBINED_ANNOTATED_VIDEO/all_videos/M01003R6Z_0007.mp4,147.5,162.5
M01003R6Z_0008,/home/dhgbao/Research_Monash/dataset/ccu-data/CCU_COMBINED_ANNOTATED_VIDEO/all_videos/M01003R6Z_0008.mp4,162.5,177.5
M01003R6Z_0010,/home/dhgbao/Research_Monash/dataset/ccu-data/CCU_COMBINED_ANNOTATED_VIDEO/all_videos/M01003R6Z_0010.mp4,192.5,207.5
M01003R6Z_0018,/home/dhgbao/Research_Monash/dataset/ccu-data/CCU_COMBINED_ANNOTATED_VIDEO/all_videos/M01003R6Z_0018.mp4,312.5,327.5
M01003R7U_0004,/home/dhgbao/Research_Monash/dataset/ccu-data/CCU_COMBINED_ANNOTATED_VIDEO/all_videos/M01003R7U_0004.mp4,122.1,137.1
M01003R8F_0010,/home/dhgbao/Research_Monash/dataset/ccu-data/CCU_COMBINED_ANNOTATED_VIDEO/all_videos/M01003R8F_0010.mp4,216.2,231.2
M01003RAC_0015,/home/dhgbao/Research_Monash/dataset/ccu-data/CCU_COMBINED_ANNOTATED_VIDEO/all_videos/M01003RAC_0015.mp4,271.3,286.3
M01003RCP_0018,/home/dhgbao/Research_Monash/dataset/ccu-data/CCU_COMBINED_ANNOTATED_VIDEO/all_videos/M01003RCP_0018.mp4,787.6,802.6
M01003RFP_0002,/home/dhgbao/Research_Monash/dataset/ccu-data/CCU_COMBINED_ANNOTATED_VIDEO/all_videos/M01003RFP_0002.mp4,1143.0,1158.0
M01003RFP_0006,/home/dhgbao/Research_Monash/dataset/ccu-data/CCU_COMBINED_ANNOTATED_VIDEO/all_videos/M01003RFP_0006.mp4,1203.0,1218.0
M01003RIE_0016,/home/dhgbao/Research_Monash/dataset/ccu-data/CCU_COMBINED_ANNOTATED_VIDEO/all_videos/M01003RIE_0016.mp4,401.8,416.8
M01003RIE_0019,/home/dhgbao/Research_Monash/dataset/ccu-data/CCU_COMBINED_ANNOTATED_VIDEO/all_videos/M01003RIE_0019.mp4,446.8,461.8
M01003RKZ_0011,/home/dhgbao/Research_Monash/dataset/ccu-data/CCU_COMBINED_ANNOTATED_VIDEO/all_videos/M01003RKZ_0011.mp4,656.3,671.3
M01003RLH_0018,/home/dhgbao/Research_Monash/dataset/ccu-data/CCU_COMBINED_ANNOTATED_VIDEO/all_videos/M01003RLH_0018.mp4,554.0,569.0
M01003RM6_0016,/home/dhgbao/Research_Monash/dataset/ccu-data/CCU_COMBINED_ANNOTATED_VIDEO/all_videos/M01003RM6_0016.mp4,320.6,335.6
M01003RNC_0010,/home/dhgbao/Research_Monash/dataset/ccu-data/CCU_COMBINED_ANNOTATED_VIDEO/all_videos/M01003RNC_0010.mp4,150.4,165.4
M01003RNK_0007,/home/dhgbao/Research_Monash/dataset/ccu-data/CCU_COMBINED_ANNOTATED_VIDEO/all_videos/M01003RNK_0007.mp4,384.5,399.5
M01003RNO_0004,/home/dhgbao/Research_Monash/dataset/ccu-data/CCU_COMBINED_ANNOTATED_VIDEO/all_videos/M01003RNO_0004.mp4,112.8,127.8
M01003RNZ_0007,/home/dhgbao/Research_Monash/dataset/ccu-data/CCU_COMBINED_ANNOTATED_VIDEO/all_videos/M01003RNZ_0007.mp4,339.9,354.9
M01003RNZ_0008,/home/dhgbao/Research_Monash/dataset/ccu-data/CCU_COMBINED_ANNOTATED_VIDEO/all_videos/M01003RNZ_0008.mp4,354.9,369.9
M01003RPW_0005,/home/dhgbao/Research_Monash/dataset/ccu-data/CCU_COMBINED_ANNOTATED_VIDEO/all_videos/M01003RPW_0005.mp4,93.0,108.0
M01003RPW_0007,/home/dhgbao/Research_Monash/dataset/ccu-data/CCU_COMBINED_ANNOTATED_VIDEO/all_videos/M01003RPW_0007.mp4,123.0,138.0
M01003RPW_0012,/home/dhgbao/Research_Monash/dataset/ccu-data/CCU_COMBINED_ANNOTATED_VIDEO/all_videos/M01003RPW_0012.mp4,198.0,213.0
M01003RTI_0007,/home/dhgbao/Research_Monash/dataset/ccu-data/CCU_COMBINED_ANNOTATED_VIDEO/all_videos/M01003RTI_0007.mp4,177.2,192.2
M01003RU2_0002,/home/dhgbao/Research_Monash/dataset/ccu-data/CCU_COMBINED_ANNOTATED_VIDEO/all_videos/M01003RU2_0002.mp4,52.8,67.8
M01003RUA_0012,/home/dhgbao/Research_Monash/dataset/ccu-data/CCU_COMBINED_ANNOTATED_VIDEO/all_videos/M01003RUA_0012.mp4,449.9,464.9
M01003RUO_0001,/home/dhgbao/Research_Monash/dataset/ccu-data/CCU_COMBINED_ANNOTATED_VIDEO/all_videos/M01003RUO_0001.mp4,230.2,245.2
M01003RXU_0001,/home/dhgbao/Research_Monash/dataset/ccu-data/CCU_COMBINED_ANNOTATED_VIDEO/all_videos/M01003RXU_0001.mp4,967.9,982.9
M01003RYY_0016,/home/dhgbao/Research_Monash/dataset/ccu-data/CCU_COMBINED_ANNOTATED_VIDEO/all_videos/M01003RYY_0016.mp4,1473.8,1488.8
M01003S08_0012,/home/dhgbao/Research_Monash/dataset/ccu-data/CCU_COMBINED_ANNOTATED_VIDEO/all_videos/M01003S08_0012.mp4,243.8,258.8
M01003S26_0003,/home/dhgbao/Research_Monash/dataset/ccu-data/CCU_COMBINED_ANNOTATED_VIDEO/all_videos/M01003S26_0003.mp4,148.0,163.0
M01003S4J_0002,/home/dhgbao/Research_Monash/dataset/ccu-data/CCU_COMBINED_ANNOTATED_VIDEO/all_videos/M01003S4J_0002.mp4,103.5,118.5
M01003S57_0015,/home/dhgbao/Research_Monash/dataset/ccu-data/CCU_COMBINED_ANNOTATED_VIDEO/all_videos/M01003S57_0015.mp4,230.1,245.1
M01003S57_0019,/home/dhgbao/Research_Monash/dataset/ccu-data/CCU_COMBINED_ANNOTATED_VIDEO/all_videos/M01003S57_0019.mp4,290.1,305.1
M01003S57_0002,/home/dhgbao/Research_Monash/dataset/ccu-data/CCU_COMBINED_ANNOTATED_VIDEO/all_videos/M01003S57_0002.mp4,35.1,50.1
M01003S5Q_0002,/home/dhgbao/Research_Monash/dataset/ccu-data/CCU_COMBINED_ANNOTATED_VIDEO/all_videos/M01003S5Q_0002.mp4,326.6,341.6
M01003S5U_0007,/home/dhgbao/Research_Monash/dataset/ccu-data/CCU_COMBINED_ANNOTATED_VIDEO/all_videos/M01003S5U_0007.mp4,167.0,182.0
M01003S5U_0014,/home/dhgbao/Research_Monash/dataset/ccu-data/CCU_COMBINED_ANNOTATED_VIDEO/all_videos/M01003S5U_0014.mp4,272.0,287.0
M01003S63_0002,/home/dhgbao/Research_Monash/dataset/ccu-data/CCU_COMBINED_ANNOTATED_VIDEO/all_videos/M01003S63_0002.mp4,387.9,402.9
M01003S63_0015,/home/dhgbao/Research_Monash/dataset/ccu-data/CCU_COMBINED_ANNOTATED_VIDEO/all_videos/M01003S63_0015.mp4,582.9,597.9
M01003S65_0008,/home/dhgbao/Research_Monash/dataset/ccu-data/CCU_COMBINED_ANNOTATED_VIDEO/all_videos/M01003S65_0008.mp4,654.2,669.2
M01003SCQ_0009,/home/dhgbao/Research_Monash/dataset/ccu-data/CCU_COMBINED_ANNOTATED_VIDEO/all_videos/M01003SCQ_0009.mp4,198.3,213.3
M01003SCQ_0013,/home/dhgbao/Research_Monash/dataset/ccu-data/CCU_COMBINED_ANNOTATED_VIDEO/all_videos/M01003SCQ_0013.mp4,258.3,273.3
M01003SEI_0018,/home/dhgbao/Research_Monash/dataset/ccu-data/CCU_COMBINED_ANNOTATED_VIDEO/all_videos/M01003SEI_0018.mp4,895.8,910.8
M01003SEI_0020,/home/dhgbao/Research_Monash/dataset/ccu-data/CCU_COMBINED_ANNOTATED_VIDEO/all_videos/M01003SEI_0020.mp4,925.8,940.8
M01003SFJ_0004,/home/dhgbao/Research_Monash/dataset/ccu-data/CCU_COMBINED_ANNOTATED_VIDEO/all_videos/M01003SFJ_0004.mp4,60.7,75.7
M01003SFT_0013,/home/dhgbao/Research_Monash/dataset/ccu-data/CCU_COMBINED_ANNOTATED_VIDEO/all_videos/M01003SFT_0013.mp4,1869.7,1884.7
M01003SGE_0013,/home/dhgbao/Research_Monash/dataset/ccu-data/CCU_COMBINED_ANNOTATED_VIDEO/all_videos/M01003SGE_0013.mp4,248.5,263.5
M01003SJG_0015,/home/dhgbao/Research_Monash/dataset/ccu-data/CCU_COMBINED_ANNOTATED_VIDEO/all_videos/M01003SJG_0015.mp4,273.1,288.1
M01003SK2_0005,/home/dhgbao/Research_Monash/dataset/ccu-data/CCU_COMBINED_ANNOTATED_VIDEO/all_videos/M01003SK2_0005.mp4,237.3,252.3
M01003SOB_0002,/home/dhgbao/Research_Monash/dataset/ccu-data/CCU_COMBINED_ANNOTATED_VIDEO/all_videos/M01003SOB_0002.mp4,168.5,183.5
M01003SOB_0006,/home/dhgbao/Research_Monash/dataset/ccu-data/CCU_COMBINED_ANNOTATED_VIDEO/all_videos/M01003SOB_0006.mp4,228.5,243.5
M01003SWY_0004,/home/dhgbao/Research_Monash/dataset/ccu-data/CCU_COMBINED_ANNOTATED_VIDEO/all_videos/M01003SWY_0004.mp4,236.6,251.6
M01003SWY_0015,/home/dhgbao/Research_Monash/dataset/ccu-data/CCU_COMBINED_ANNOTATED_VIDEO/all_videos/M01003SWY_0015.mp4,401.6,416.6
M01003SXE_0003,/home/dhgbao/Research_Monash/dataset/ccu-data/CCU_COMBINED_ANNOTATED_VIDEO/all_videos/M01003SXE_0003.mp4,3234.0,3249.0
M01003SY0_0004,/home/dhgbao/Research_Monash/dataset/ccu-data/CCU_COMBINED_ANNOTATED_VIDEO/all_videos/M01003SY0_0004.mp4,116.7,131.7
M01003SYE_0018,/home/dhgbao/Research_Monash/dataset/ccu-data/CCU_COMBINED_ANNOTATED_VIDEO/all_videos/M01003SYE_0018.mp4,479.9,494.9
M01003SZ3_0012,/home/dhgbao/Research_Monash/dataset/ccu-data/CCU_COMBINED_ANNOTATED_VIDEO/all_videos/M01003SZ3_0012.mp4,327.6,342.6
M01003SZ3_0015,/home/dhgbao/Research_Monash/dataset/ccu-data/CCU_COMBINED_ANNOTATED_VIDEO/all_videos/M01003SZ3_0015.mp4,372.6,387.6
M01003T3K_0016,/home/dhgbao/Research_Monash/dataset/ccu-data/CCU_COMBINED_ANNOTATED_VIDEO/all_videos/M01003T3K_0016.mp4,337.1,352.1
M01003T60_0009,/home/dhgbao/Research_Monash/dataset/ccu-data/CCU_COMBINED_ANNOTATED_VIDEO/all_videos/M01003T60_0009.mp4,1009.7,1024.7
M01003T7W_0009,/home/dhgbao/Research_Monash/dataset/ccu-data/CCU_COMBINED_ANNOTATED_VIDEO/all_videos/M01003T7W_0009.mp4,173.1,188.1
M01003T7W_0019,/home/dhgbao/Research_Monash/dataset/ccu-data/CCU_COMBINED_ANNOTATED_VIDEO/all_videos/M01003T7W_0019.mp4,323.1,338.1
M01003T9U_0012,/home/dhgbao/Research_Monash/dataset/ccu-data/CCU_COMBINED_ANNOTATED_VIDEO/all_videos/M01003T9U_0012.mp4,233.3,248.3
M01003T9U_0014,/home/dhgbao/Research_Monash/dataset/ccu-data/CCU_COMBINED_ANNOTATED_VIDEO/all_videos/M01003T9U_0014.mp4,263.3,278.3
M01003T9X_0016,/home/dhgbao/Research_Monash/dataset/ccu-data/CCU_COMBINED_ANNOTATED_VIDEO/all_videos/M01003T9X_0016.mp4,253.2,268.2
M01003TB5_0014,/home/dhgbao/Research_Monash/dataset/ccu-data/CCU_COMBINED_ANNOTATED_VIDEO/all_videos/M01003TB5_0014.mp4,910.7,925.7
M01003TBE_0006,/home/dhgbao/Research_Monash/dataset/ccu-data/CCU_COMBINED_ANNOTATED_VIDEO/all_videos/M01003TBE_0006.mp4,103.6,118.6
M01003TBE_0010,/home/dhgbao/Research_Monash/dataset/ccu-data/CCU_COMBINED_ANNOTATED_VIDEO/all_videos/M01003TBE_0010.mp4,163.6,178.6
M01003TBE_0019,/home/dhgbao/Research_Monash/dataset/ccu-data/CCU_COMBINED_ANNOTATED_VIDEO/all_videos/M01003TBE_0019.mp4,298.6,313.6
M01003TIF_0003,/home/dhgbao/Research_Monash/dataset/ccu-data/CCU_COMBINED_ANNOTATED_VIDEO/all_videos/M01003TIF_0003.mp4,50.9,65.9
M01003TJW_0019,/home/dhgbao/Research_Monash/dataset/ccu-data/CCU_COMBINED_ANNOTATED_VIDEO/all_videos/M01003TJW_0019.mp4,355.6,370.6
M01003TJX_0002,/home/dhgbao/Research_Monash/dataset/ccu-data/CCU_COMBINED_ANNOTATED_VIDEO/all_videos/M01003TJX_0002.mp4,137.3,152.3
M01003TJX_0006,/home/dhgbao/Research_Monash/dataset/ccu-data/CCU_COMBINED_ANNOTATED_VIDEO/all_videos/M01003TJX_0006.mp4,197.3,212.3
M01003TKD_0002,/home/dhgbao/Research_Monash/dataset/ccu-data/CCU_COMBINED_ANNOTATED_VIDEO/all_videos/M01003TKD_0002.mp4,51.1,66.1
M01003TKD_0004,/home/dhgbao/Research_Monash/dataset/ccu-data/CCU_COMBINED_ANNOTATED_VIDEO/all_videos/M01003TKD_0004.mp4,81.1,96.1
M01003TM4_0020,/home/dhgbao/Research_Monash/dataset/ccu-data/CCU_COMBINED_ANNOTATED_VIDEO/all_videos/M01003TM4_0020.mp4,904.3,919.3
M01003TO9_0001,/home/dhgbao/Research_Monash/dataset/ccu-data/CCU_COMBINED_ANNOTATED_VIDEO/all_videos/M01003TO9_0001.mp4,114.3,129.3
M01003TO9_0010,/home/dhgbao/Research_Monash/dataset/ccu-data/CCU_COMBINED_ANNOTATED_VIDEO/all_videos/M01003TO9_0010.mp4,249.3,264.3
M01003TRK_0008,/home/dhgbao/Research_Monash/dataset/ccu-data/CCU_COMBINED_ANNOTATED_VIDEO/all_videos/M01003TRK_0008.mp4,145.5,160.5
M01003TRK_0020,/home/dhgbao/Research_Monash/dataset/ccu-data/CCU_COMBINED_ANNOTATED_VIDEO/all_videos/M01003TRK_0020.mp4,325.5,340.5
M01003TRK_0002,/home/dhgbao/Research_Monash/dataset/ccu-data/CCU_COMBINED_ANNOTATED_VIDEO/all_videos/M01003TRK_0002.mp4,55.5,70.5
M01003TU8_0018,/home/dhgbao/Research_Monash/dataset/ccu-data/CCU_COMBINED_ANNOTATED_VIDEO/all_videos/M01003TU8_0018.mp4,282.9,297.9
M01003TU8_0003,/home/dhgbao/Research_Monash/dataset/ccu-data/CCU_COMBINED_ANNOTATED_VIDEO/all_videos/M01003TU8_0003.mp4,57.9,72.9
M01003TUK_0009,/home/dhgbao/Research_Monash/dataset/ccu-data/CCU_COMBINED_ANNOTATED_VIDEO/all_videos/M01003TUK_0009.mp4,228.5,243.5
M01003TUK_0015,/home/dhgbao/Research_Monash/dataset/ccu-data/CCU_COMBINED_ANNOTATED_VIDEO/all_videos/M01003TUK_0015.mp4,318.5,333.5
M01003TUK_0019,/home/dhgbao/Research_Monash/dataset/ccu-data/CCU_COMBINED_ANNOTATED_VIDEO/all_videos/M01003TUK_0019.mp4,378.5,393.5
M01003TUY_0020,/home/dhgbao/Research_Monash/dataset/ccu-data/CCU_COMBINED_ANNOTATED_VIDEO/all_videos/M01003TUY_0020.mp4,300.8,315.8
M01003TXV_0010,/home/dhgbao/Research_Monash/dataset/ccu-data/CCU_COMBINED_ANNOTATED_VIDEO/all_videos/M01003TXV_0010.mp4,497.7,512.7
M01003TZT_0011,/home/dhgbao/Research_Monash/dataset/ccu-data/CCU_COMBINED_ANNOTATED_VIDEO/all_videos/M01003TZT_0011.mp4,515.1,530.1
M01003TZT_0016,/home/dhgbao/Research_Monash/dataset/ccu-data/CCU_COMBINED_ANNOTATED_VIDEO/all_videos/M01003TZT_0016.mp4,590.1,605.1
M01003TZU_0003,/home/dhgbao/Research_Monash/dataset/ccu-data/CCU_COMBINED_ANNOTATED_VIDEO/all_videos/M01003TZU_0003.mp4,157.2,172.2
M01003TZU_0016,/home/dhgbao/Research_Monash/dataset/ccu-data/CCU_COMBINED_ANNOTATED_VIDEO/all_videos/M01003TZU_0016.mp4,352.2,367.2
M01003U1D_0020,/home/dhgbao/Research_Monash/dataset/ccu-data/CCU_COMBINED_ANNOTATED_VIDEO/all_videos/M01003U1D_0020.mp4,302.6,317.6
M01003U2J_0008,/home/dhgbao/Research_Monash/dataset/ccu-data/CCU_COMBINED_ANNOTATED_VIDEO/all_videos/M01003U2J_0008.mp4,361.2,376.2
M01003U3W_0015,/home/dhgbao/Research_Monash/dataset/ccu-data/CCU_COMBINED_ANNOTATED_VIDEO/all_videos/M01003U3W_0015.mp4,424.1,439.1
M01003U62_0014,/home/dhgbao/Research_Monash/dataset/ccu-data/CCU_COMBINED_ANNOTATED_VIDEO/all_videos/M01003U62_0014.mp4,309.8,324.8
M01003U8P_0008,/home/dhgbao/Research_Monash/dataset/ccu-data/CCU_COMBINED_ANNOTATED_VIDEO/all_videos/M01003U8P_0008.mp4,391.9,406.9
M01003U8P_0016,/home/dhgbao/Research_Monash/dataset/ccu-data/CCU_COMBINED_ANNOTATED_VIDEO/all_videos/M01003U8P_0016.mp4,511.9,526.9
M01003UA4_0007,/home/dhgbao/Research_Monash/dataset/ccu-data/CCU_COMBINED_ANNOTATED_VIDEO/all_videos/M01003UA4_0007.mp4,133.6,148.6
M01003UA4_0014,/home/dhgbao/Research_Monash/dataset/ccu-data/CCU_COMBINED_ANNOTATED_VIDEO/all_videos/M01003UA4_0014.mp4,238.6,253.6
M01003UB8_0010,/home/dhgbao/Research_Monash/dataset/ccu-data/CCU_COMBINED_ANNOTATED_VIDEO/all_videos/M01003UB8_0010.mp4,151.0,166.0
M01003UB8_0015,/home/dhgbao/Research_Monash/dataset/ccu-data/CCU_COMBINED_ANNOTATED_VIDEO/all_videos/M01003UB8_0015.mp4,226.0,241.0
M01003UBB_0014,/home/dhgbao/Research_Monash/dataset/ccu-data/CCU_COMBINED_ANNOTATED_VIDEO/all_videos/M01003UBB_0014.mp4,223.7,238.7
M01003UC1_0012,/home/dhgbao/Research_Monash/dataset/ccu-data/CCU_COMBINED_ANNOTATED_VIDEO/all_videos/M01003UC1_0012.mp4,1098.9,1113.9
M01003UCH_0003,/home/dhgbao/Research_Monash/dataset/ccu-data/CCU_COMBINED_ANNOTATED_VIDEO/all_videos/M01003UCH_0003.mp4,317.3,332.3
M01003UCH_0009,/home/dhgbao/Research_Monash/dataset/ccu-data/CCU_COMBINED_ANNOTATED_VIDEO/all_videos/M01003UCH_0009.mp4,407.3,422.3
M01003UCP_0015,/home/dhgbao/Research_Monash/dataset/ccu-data/CCU_COMBINED_ANNOTATED_VIDEO/all_videos/M01003UCP_0015.mp4,248.3,263.3
M01003UG6_0019,/home/dhgbao/Research_Monash/dataset/ccu-data/CCU_COMBINED_ANNOTATED_VIDEO/all_videos/M01003UG6_0019.mp4,538.8,553.8
M01003UI0_0003,/home/dhgbao/Research_Monash/dataset/ccu-data/CCU_COMBINED_ANNOTATED_VIDEO/all_videos/M01003UI0_0003.mp4,211.0,226.0
M01003UI0_0004,/home/dhgbao/Research_Monash/dataset/ccu-data/CCU_COMBINED_ANNOTATED_VIDEO/all_videos/M01003UI0_0004.mp4,226.0,241.0
M01003UI0_0008,/home/dhgbao/Research_Monash/dataset/ccu-data/CCU_COMBINED_ANNOTATED_VIDEO/all_videos/M01003UI0_0008.mp4,286.0,301.0
M01003UI0_0014,/home/dhgbao/Research_Monash/dataset/ccu-data/CCU_COMBINED_ANNOTATED_VIDEO/all_videos/M01003UI0_0014.mp4,376.0,391.0
M01003UI0_0020,/home/dhgbao/Research_Monash/dataset/ccu-data/CCU_COMBINED_ANNOTATED_VIDEO/all_videos/M01003UI0_0020.mp4,466.0,481.0
M01003UIN_0005,/home/dhgbao/Research_Monash/dataset/ccu-data/CCU_COMBINED_ANNOTATED_VIDEO/all_videos/M01003UIN_0005.mp4,216.8,231.8
M01003UIN_0014,/home/dhgbao/Research_Monash/dataset/ccu-data/CCU_COMBINED_ANNOTATED_VIDEO/all_videos/M01003UIN_0014.mp4,351.8,366.8
M01003UJB_0015,/home/dhgbao/Research_Monash/dataset/ccu-data/CCU_COMBINED_ANNOTATED_VIDEO/all_videos/M01003UJB_0015.mp4,238.5,253.5
M01003UL0_0005,/home/dhgbao/Research_Monash/dataset/ccu-data/CCU_COMBINED_ANNOTATED_VIDEO/all_videos/M01003UL0_0005.mp4,332.9,347.9
M01003UL0_0020,/home/dhgbao/Research_Monash/dataset/ccu-data/CCU_COMBINED_ANNOTATED_VIDEO/all_videos/M01003UL0_0020.mp4,557.9,572.9
M01003UNR_0002,/home/dhgbao/Research_Monash/dataset/ccu-data/CCU_COMBINED_ANNOTATED_VIDEO/all_videos/M01003UNR_0002.mp4,51.3,66.3
M01003UOM_0011,/home/dhgbao/Research_Monash/dataset/ccu-data/CCU_COMBINED_ANNOTATED_VIDEO/all_videos/M01003UOM_0011.mp4,340.8,355.8
M01003UPR_0013,/home/dhgbao/Research_Monash/dataset/ccu-data/CCU_COMBINED_ANNOTATED_VIDEO/all_videos/M01003UPR_0013.mp4,317.0,332.0
M01003UPY_0016,/home/dhgbao/Research_Monash/dataset/ccu-data/CCU_COMBINED_ANNOTATED_VIDEO/all_videos/M01003UPY_0016.mp4,707.5,722.5
M01003US1_0016,/home/dhgbao/Research_Monash/dataset/ccu-data/CCU_COMBINED_ANNOTATED_VIDEO/all_videos/M01003US1_0016.mp4,1291.0,1306.0
M01003USC_0016,/home/dhgbao/Research_Monash/dataset/ccu-data/CCU_COMBINED_ANNOTATED_VIDEO/all_videos/M01003USC_0016.mp4,313.6,328.6
M01003UUJ_0010,/home/dhgbao/Research_Monash/dataset/ccu-data/CCU_COMBINED_ANNOTATED_VIDEO/all_videos/M01003UUJ_0010.mp4,261.5,276.5
M01003UUQ_0005,/home/dhgbao/Research_Monash/dataset/ccu-data/CCU_COMBINED_ANNOTATED_VIDEO/all_videos/M01003UUQ_0005.mp4,108.9,123.9
M01003UUQ_0015,/home/dhgbao/Research_Monash/dataset/ccu-data/CCU_COMBINED_ANNOTATED_VIDEO/all_videos/M01003UUQ_0015.mp4,258.9,273.9
M01003UV4_0012,/home/dhgbao/Research_Monash/dataset/ccu-data/CCU_COMBINED_ANNOTATED_VIDEO/all_videos/M01003UV4_0012.mp4,718.2,733.2
M01003UV8_0007,/home/dhgbao/Research_Monash/dataset/ccu-data/CCU_COMBINED_ANNOTATED_VIDEO/all_videos/M01003UV8_0007.mp4,177.0,192.0
M01003UZ9_0012,/home/dhgbao/Research_Monash/dataset/ccu-data/CCU_COMBINED_ANNOTATED_VIDEO/all_videos/M01003UZ9_0012.mp4,293.3,308.3
M01003UZ9_0019,/home/dhgbao/Research_Monash/dataset/ccu-data/CCU_COMBINED_ANNOTATED_VIDEO/all_videos/M01003UZ9_0019.mp4,398.3,413.3
M01003UZF_0005,/home/dhgbao/Research_Monash/dataset/ccu-data/CCU_COMBINED_ANNOTATED_VIDEO/all_videos/M01003UZF_0005.mp4,477.6,492.6
M01003UZF_0017,/home/dhgbao/Research_Monash/dataset/ccu-data/CCU_COMBINED_ANNOTATED_VIDEO/all_videos/M01003UZF_0017.mp4,657.6,672.6
M01003UZO_0005,/home/dhgbao/Research_Monash/dataset/ccu-data/CCU_COMBINED_ANNOTATED_VIDEO/all_videos/M01003UZO_0005.mp4,98.7,113.7
M01003UZO_0009,/home/dhgbao/Research_Monash/dataset/ccu-data/CCU_COMBINED_ANNOTATED_VIDEO/all_videos/M01003UZO_0009.mp4,158.7,173.7
M01003UZO_0013,/home/dhgbao/Research_Monash/dataset/ccu-data/CCU_COMBINED_ANNOTATED_VIDEO/all_videos/M01003UZO_0013.mp4,218.7,233.7
M01003V4H_0013,/home/dhgbao/Research_Monash/dataset/ccu-data/CCU_COMBINED_ANNOTATED_VIDEO/all_videos/M01003V4H_0013.mp4,2301.6,2316.6
M01003V4P_0018,/home/dhgbao/Research_Monash/dataset/ccu-data/CCU_COMBINED_ANNOTATED_VIDEO/all_videos/M01003V4P_0018.mp4,401.0,416.0
M01003V5B_0012,/home/dhgbao/Research_Monash/dataset/ccu-data/CCU_COMBINED_ANNOTATED_VIDEO/all_videos/M01003V5B_0012.mp4,328.9,343.9
M01003V5B_0015,/home/dhgbao/Research_Monash/dataset/ccu-data/CCU_COMBINED_ANNOTATED_VIDEO/all_videos/M01003V5B_0015.mp4,373.9,388.9
M01003V5B_0019,/home/dhgbao/Research_Monash/dataset/ccu-data/CCU_COMBINED_ANNOTATED_VIDEO/all_videos/M01003V5B_0019.mp4,433.9,448.9
M01003V6X_0005,/home/dhgbao/Research_Monash/dataset/ccu-data/CCU_COMBINED_ANNOTATED_VIDEO/all_videos/M01003V6X_0005.mp4,604.9,619.9
M01003V6X_0009,/home/dhgbao/Research_Monash/dataset/ccu-data/CCU_COMBINED_ANNOTATED_VIDEO/all_videos/M01003V6X_0009.mp4,664.9,679.9
M01003V7W_0007,/home/dhgbao/Research_Monash/dataset/ccu-data/CCU_COMBINED_ANNOTATED_VIDEO/all_videos/M01003V7W_0007.mp4,217.1,232.1
M01003V99_0010,/home/dhgbao/Research_Monash/dataset/ccu-data/CCU_COMBINED_ANNOTATED_VIDEO/all_videos/M01003V99_0010.mp4,330.9,345.9
M01003VAA_0007,/home/dhgbao/Research_Monash/dataset/ccu-data/CCU_COMBINED_ANNOTATED_VIDEO/all_videos/M01003VAA_0007.mp4,176.5,191.5
M01003VDA_0005,/home/dhgbao/Research_Monash/dataset/ccu-data/CCU_COMBINED_ANNOTATED_VIDEO/all_videos/M01003VDA_0005.mp4,549.5,564.5
M01003VDA_0011,/home/dhgbao/Research_Monash/dataset/ccu-data/CCU_COMBINED_ANNOTATED_VIDEO/all_videos/M01003VDA_0011.mp4,639.5,654.5
M01003VEG_0019,/home/dhgbao/Research_Monash/dataset/ccu-data/CCU_COMBINED_ANNOTATED_VIDEO/all_videos/M01003VEG_0019.mp4,1152.5,1167.5
M01003VEG_0002,/home/dhgbao/Research_Monash/dataset/ccu-data/CCU_COMBINED_ANNOTATED_VIDEO/all_videos/M01003VEG_0002.mp4,897.5,912.5
M01003VF3_0005,/home/dhgbao/Research_Monash/dataset/ccu-data/CCU_COMBINED_ANNOTATED_VIDEO/all_videos/M01003VF3_0005.mp4,521.8,536.8
M01003VFN_0002,/home/dhgbao/Research_Monash/dataset/ccu-data/CCU_COMBINED_ANNOTATED_VIDEO/all_videos/M01003VFN_0002.mp4,277.9,292.9
M01003VIC_0020,/home/dhgbao/Research_Monash/dataset/ccu-data/CCU_COMBINED_ANNOTATED_VIDEO/all_videos/M01003VIC_0020.mp4,409.4,424.4
M01003VJF_0015,/home/dhgbao/Research_Monash/dataset/ccu-data/CCU_COMBINED_ANNOTATED_VIDEO/all_videos/M01003VJF_0015.mp4,309.1,324.1
M01003VKS_0013,/home/dhgbao/Research_Monash/dataset/ccu-data/CCU_COMBINED_ANNOTATED_VIDEO/all_videos/M01003VKS_0013.mp4,1015.3,1030.3
M01003VKS_0006,/home/dhgbao/Research_Monash/dataset/ccu-data/CCU_COMBINED_ANNOTATED_VIDEO/all_videos/M01003VKS_0006.mp4,910.3,925.3
M01003VMP_0017,/home/dhgbao/Research_Monash/dataset/ccu-data/CCU_COMBINED_ANNOTATED_VIDEO/all_videos/M01003VMP_0017.mp4,1030.3,1045.3
M01003VMP_0006,/home/dhgbao/Research_Monash/dataset/ccu-data/CCU_COMBINED_ANNOTATED_VIDEO/all_videos/M01003VMP_0006.mp4,865.3,880.3
M01003VMP_0013,/home/dhgbao/Research_Monash/dataset/ccu-data/CCU_COMBINED_ANNOTATED_VIDEO/all_videos/M01003VMP_0013.mp4,970.3,985.3
M01003VNJ_0007,/home/dhgbao/Research_Monash/dataset/ccu-data/CCU_COMBINED_ANNOTATED_VIDEO/all_videos/M01003VNJ_0007.mp4,226.0,241.0
M01003VPQ_0004,/home/dhgbao/Research_Monash/dataset/ccu-data/CCU_COMBINED_ANNOTATED_VIDEO/all_videos/M01003VPQ_0004.mp4,617.1,632.1
M01003VQJ_0003,/home/dhgbao/Research_Monash/dataset/ccu-data/CCU_COMBINED_ANNOTATED_VIDEO/all_videos/M01003VQJ_0003.mp4,299.4,314.4
M01003VRV_0011,/home/dhgbao/Research_Monash/dataset/ccu-data/CCU_COMBINED_ANNOTATED_VIDEO/all_videos/M01003VRV_0011.mp4,337.2,352.2
M01003VRZ_0020,/home/dhgbao/Research_Monash/dataset/ccu-data/CCU_COMBINED_ANNOTATED_VIDEO/all_videos/M01003VRZ_0020.mp4,300.1,315.1
M01003VTU_0003,/home/dhgbao/Research_Monash/dataset/ccu-data/CCU_COMBINED_ANNOTATED_VIDEO/all_videos/M01003VTU_0003.mp4,102.4,117.4
M01003VTU_0012,/home/dhgbao/Research_Monash/dataset/ccu-data/CCU_COMBINED_ANNOTATED_VIDEO/all_videos/M01003VTU_0012.mp4,237.4,252.4
M01003VU6_0011,/home/dhgbao/Research_Monash/dataset/ccu-data/CCU_COMBINED_ANNOTATED_VIDEO/all_videos/M01003VU6_0011.mp4,504.9,519.9
M01003VUQ_0004,/home/dhgbao/Research_Monash/dataset/ccu-data/CCU_COMBINED_ANNOTATED_VIDEO/all_videos/M01003VUQ_0004.mp4,244.4,259.4
M01003VUY_0016,/home/dhgbao/Research_Monash/dataset/ccu-data/CCU_COMBINED_ANNOTATED_VIDEO/all_videos/M01003VUY_0016.mp4,322.6,337.6
M01003VUY_0019,/home/dhgbao/Research_Monash/dataset/ccu-data/CCU_COMBINED_ANNOTATED_VIDEO/all_videos/M01003VUY_0019.mp4,367.6,382.6
M01003VVZ_0017,/home/dhgbao/Research_Monash/dataset/ccu-data/CCU_COMBINED_ANNOTATED_VIDEO/all_videos/M01003VVZ_0017.mp4,332.6,347.6
M01003VWX_0008,/home/dhgbao/Research_Monash/dataset/ccu-data/CCU_COMBINED_ANNOTATED_VIDEO/all_videos/M01003VWX_0008.mp4,354.9,369.9
M01003VYY_0007,/home/dhgbao/Research_Monash/dataset/ccu-data/CCU_COMBINED_ANNOTATED_VIDEO/all_videos/M01003VYY_0007.mp4,113.5,128.5
M01003VYY_0014,/home/dhgbao/Research_Monash/dataset/ccu-data/CCU_COMBINED_ANNOTATED_VIDEO/all_videos/M01003VYY_0014.mp4,218.5,233.5
M01003W02_0008,/home/dhgbao/Research_Monash/dataset/ccu-data/CCU_COMBINED_ANNOTATED_VIDEO/all_videos/M01003W02_0008.mp4,263.9,278.9
M01003W02_0014,/home/dhgbao/Research_Monash/dataset/ccu-data/CCU_COMBINED_ANNOTATED_VIDEO/all_videos/M01003W02_0014.mp4,353.9,368.9
M01003W45_0019,/home/dhgbao/Research_Monash/dataset/ccu-data/CCU_COMBINED_ANNOTATED_VIDEO/all_videos/M01003W45_0019.mp4,1003.4,1018.4
M01003W6C_0001,/home/dhgbao/Research_Monash/dataset/ccu-data/CCU_COMBINED_ANNOTATED_VIDEO/all_videos/M01003W6C_0001.mp4,87.9,102.9
M01003W76_0013,/home/dhgbao/Research_Monash/dataset/ccu-data/CCU_COMBINED_ANNOTATED_VIDEO/all_videos/M01003W76_0013.mp4,252.1,267.1
M01003WCZ_0009,/home/dhgbao/Research_Monash/dataset/ccu-data/CCU_COMBINED_ANNOTATED_VIDEO/all_videos/M01003WCZ_0009.mp4,866.0,881.0
M01003WCZ_0013,/home/dhgbao/Research_Monash/dataset/ccu-data/CCU_COMBINED_ANNOTATED_VIDEO/all_videos/M01003WCZ_0013.mp4,926.0,941.0
M01003WHF_0012,/home/dhgbao/Research_Monash/dataset/ccu-data/CCU_COMBINED_ANNOTATED_VIDEO/all_videos/M01003WHF_0012.mp4,380.4,395.4
M01003WIM_0006,/home/dhgbao/Research_Monash/dataset/ccu-data/CCU_COMBINED_ANNOTATED_VIDEO/all_videos/M01003WIM_0006.mp4,486.9,501.9
M01003WJ1_0006,/home/dhgbao/Research_Monash/dataset/ccu-data/CCU_COMBINED_ANNOTATED_VIDEO/all_videos/M01003WJ1_0006.mp4,618.9,633.9
M01003WJM_0011,/home/dhgbao/Research_Monash/dataset/ccu-data/CCU_COMBINED_ANNOTATED_VIDEO/all_videos/M01003WJM_0011.mp4,233.9,248.9
M01003WJM_0017,/home/dhgbao/Research_Monash/dataset/ccu-data/CCU_COMBINED_ANNOTATED_VIDEO/all_videos/M01003WJM_0017.mp4,323.9,338.9
M01003WME_0005,/home/dhgbao/Research_Monash/dataset/ccu-data/CCU_COMBINED_ANNOTATED_VIDEO/all_videos/M01003WME_0005.mp4,122.3,137.3
M01003WPQ_0015,/home/dhgbao/Research_Monash/dataset/ccu-data/CCU_COMBINED_ANNOTATED_VIDEO/all_videos/M01003WPQ_0015.mp4,226.9,241.9
M01003WQK_0006,/home/dhgbao/Research_Monash/dataset/ccu-data/CCU_COMBINED_ANNOTATED_VIDEO/all_videos/M01003WQK_0006.mp4,203.1,218.1
M01003WQK_0011,/home/dhgbao/Research_Monash/dataset/ccu-data/CCU_COMBINED_ANNOTATED_VIDEO/all_videos/M01003WQK_0011.mp4,278.1,293.1
M01003WSU_0010,/home/dhgbao/Research_Monash/dataset/ccu-data/CCU_COMBINED_ANNOTATED_VIDEO/all_videos/M01003WSU_0010.mp4,326.3,341.3
M01003WSU_0011,/home/dhgbao/Research_Monash/dataset/ccu-data/CCU_COMBINED_ANNOTATED_VIDEO/all_videos/M01003WSU_0011.mp4,341.3,356.3
M01003WTL_0005,/home/dhgbao/Research_Monash/dataset/ccu-data/CCU_COMBINED_ANNOTATED_VIDEO/all_videos/M01003WTL_0005.mp4,359.0,374.0
M01003WU2_0012,/home/dhgbao/Research_Monash/dataset/ccu-data/CCU_COMBINED_ANNOTATED_VIDEO/all_videos/M01003WU2_0012.mp4,258.2,273.2
M01003WU6_0005,/home/dhgbao/Research_Monash/dataset/ccu-data/CCU_COMBINED_ANNOTATED_VIDEO/all_videos/M01003WU6_0005.mp4,177.3,192.3
M01003WU6_0010,/home/dhgbao/Research_Monash/dataset/ccu-data/CCU_COMBINED_ANNOTATED_VIDEO/all_videos/M01003WU6_0010.mp4,252.3,267.3
M01003WU6_0019,/home/dhgbao/Research_Monash/dataset/ccu-data/CCU_COMBINED_ANNOTATED_VIDEO/all_videos/M01003WU6_0019.mp4,387.3,402.3
M01003WYS_0001,/home/dhgbao/Research_Monash/dataset/ccu-data/CCU_COMBINED_ANNOTATED_VIDEO/all_videos/M01003WYS_0001.mp4,1776.3,1791.3
M01003WYS_0014,/home/dhgbao/Research_Monash/dataset/ccu-data/CCU_COMBINED_ANNOTATED_VIDEO/all_videos/M01003WYS_0014.mp4,1971.3,1986.3
M01003WZZ_0004,/home/dhgbao/Research_Monash/dataset/ccu-data/CCU_COMBINED_ANNOTATED_VIDEO/all_videos/M01003WZZ_0004.mp4,85.7,100.7
M01003WZZ_0008,/home/dhgbao/Research_Monash/dataset/ccu-data/CCU_COMBINED_ANNOTATED_VIDEO/all_videos/M01003WZZ_0008.mp4,145.7,160.7
M01003WZZ_0012,/home/dhgbao/Research_Monash/dataset/ccu-data/CCU_COMBINED_ANNOTATED_VIDEO/all_videos/M01003WZZ_0012.mp4,205.7,220.7
M01003WZZ_0014,/home/dhgbao/Research_Monash/dataset/ccu-data/CCU_COMBINED_ANNOTATED_VIDEO/all_videos/M01003WZZ_0014.mp4,235.7,250.7
M01003WZZ_0002,/home/dhgbao/Research_Monash/dataset/ccu-data/CCU_COMBINED_ANNOTATED_VIDEO/all_videos/M01003WZZ_0002.mp4,55.7,70.7
M01003X30_0009,/home/dhgbao/Research_Monash/dataset/ccu-data/CCU_COMBINED_ANNOTATED_VIDEO/all_videos/M01003X30_0009.mp4,171.1,186.1
M01003X30_0002,/home/dhgbao/Research_Monash/dataset/ccu-data/CCU_COMBINED_ANNOTATED_VIDEO/all_videos/M01003X30_0002.mp4,66.1,81.1
M01003X39_0016,/home/dhgbao/Research_Monash/dataset/ccu-data/CCU_COMBINED_ANNOTATED_VIDEO/all_videos/M01003X39_0016.mp4,246.4,261.4
M01003X39_0005,/home/dhgbao/Research_Monash/dataset/ccu-data/CCU_COMBINED_ANNOTATED_VIDEO/all_videos/M01003X39_0005.mp4,81.4,96.4
M01003XH2_0006,/home/dhgbao/Research_Monash/dataset/ccu-data/CCU_COMBINED_ANNOTATED_VIDEO/all_videos/M01003XH2_0006.mp4,458.1,473.1
M01003XM6_0006,/home/dhgbao/Research_Monash/dataset/ccu-data/CCU_COMBINED_ANNOTATED_VIDEO/all_videos/M01003XM6_0006.mp4,170.0,185.0
M01003XOC_0006,/home/dhgbao/Research_Monash/dataset/ccu-data/CCU_COMBINED_ANNOTATED_VIDEO/all_videos/M01003XOC_0006.mp4,559.2,574.2
M01003XOC_0013,/home/dhgbao/Research_Monash/dataset/ccu-data/CCU_COMBINED_ANNOTATED_VIDEO/all_videos/M01003XOC_0013.mp4,664.2,679.2
M01003XPK_0010,/home/dhgbao/Research_Monash/dataset/ccu-data/CCU_COMBINED_ANNOTATED_VIDEO/all_videos/M01003XPK_0010.mp4,266.3,281.3
M01003XRM_0017,/home/dhgbao/Research_Monash/dataset/ccu-data/CCU_COMBINED_ANNOTATED_VIDEO/all_videos/M01003XRM_0017.mp4,427.0,442.0
M01003XSY_0006,/home/dhgbao/Research_Monash/dataset/ccu-data/CCU_COMBINED_ANNOTATED_VIDEO/all_videos/M01003XSY_0006.mp4,149.0,164.0
M01003XSY_0019,/home/dhgbao/Research_Monash/dataset/ccu-data/CCU_COMBINED_ANNOTATED_VIDEO/all_videos/M01003XSY_0019.mp4,344.0,359.0
M01003XVD_0003,/home/dhgbao/Research_Monash/dataset/ccu-data/CCU_COMBINED_ANNOTATED_VIDEO/all_videos/M01003XVD_0003.mp4,200.3,215.3
M01003XXV_0011,/home/dhgbao/Research_Monash/dataset/ccu-data/CCU_COMBINED_ANNOTATED_VIDEO/all_videos/M01003XXV_0011.mp4,407.0,422.0
M01003Y82_0004,/home/dhgbao/Research_Monash/dataset/ccu-data/CCU_COMBINED_ANNOTATED_VIDEO/all_videos/M01003Y82_0004.mp4,246.6,261.6
M01003Y82_0005,/home/dhgbao/Research_Monash/dataset/ccu-data/CCU_COMBINED_ANNOTATED_VIDEO/all_videos/M01003Y82_0005.mp4,261.6,276.6
M01003Y82_0011,/home/dhgbao/Research_Monash/dataset/ccu-data/CCU_COMBINED_ANNOTATED_VIDEO/all_videos/M01003Y82_0011.mp4,351.6,366.6
M01003Y9J_0019,/home/dhgbao/Research_Monash/dataset/ccu-data/CCU_COMBINED_ANNOTATED_VIDEO/all_videos/M01003Y9J_0019.mp4,288.3,303.3
M01003YA1_0002,/home/dhgbao/Research_Monash/dataset/ccu-data/CCU_COMBINED_ANNOTATED_VIDEO/all_videos/M01003YA1_0002.mp4,193.6,208.6
M01003YA1_0005,/home/dhgbao/Research_Monash/dataset/ccu-data/CCU_COMBINED_ANNOTATED_VIDEO/all_videos/M01003YA1_0005.mp4,238.6,253.6
M01003YA1_0008,/home/dhgbao/Research_Monash/dataset/ccu-data/CCU_COMBINED_ANNOTATED_VIDEO/all_videos/M01003YA1_0008.mp4,283.6,298.6
M01003YA7_0018,/home/dhgbao/Research_Monash/dataset/ccu-data/CCU_COMBINED_ANNOTATED_VIDEO/all_videos/M01003YA7_0018.mp4,299.8,314.8
M01003YCN_0020,/home/dhgbao/Research_Monash/dataset/ccu-data/CCU_COMBINED_ANNOTATED_VIDEO/all_videos/M01003YCN_0020.mp4,729.8,744.8
M01003YEH_0007,/home/dhgbao/Research_Monash/dataset/ccu-data/CCU_COMBINED_ANNOTATED_VIDEO/all_videos/M01003YEH_0007.mp4,827.6,842.6
M01003YEH_0015,/home/dhgbao/Research_Monash/dataset/ccu-data/CCU_COMBINED_ANNOTATED_VIDEO/all_videos/M01003YEH_0015.mp4,947.6,962.6
M01003YFT_0003,/home/dhgbao/Research_Monash/dataset/ccu-data/CCU_COMBINED_ANNOTATED_VIDEO/all_videos/M01003YFT_0003.mp4,606.9,621.9
M01003YHF_0018,/home/dhgbao/Research_Monash/dataset/ccu-data/CCU_COMBINED_ANNOTATED_VIDEO/all_videos/M01003YHF_0018.mp4,320.0,335.0
M01003YJQ_0010,/home/dhgbao/Research_Monash/dataset/ccu-data/CCU_COMBINED_ANNOTATED_VIDEO/all_videos/M01003YJQ_0010.mp4,518.4,533.4
M01003YK3_0012,/home/dhgbao/Research_Monash/dataset/ccu-data/CCU_COMBINED_ANNOTATED_VIDEO/all_videos/M01003YK3_0012.mp4,812.9,827.9
M01003YKG_0002,/home/dhgbao/Research_Monash/dataset/ccu-data/CCU_COMBINED_ANNOTATED_VIDEO/all_videos/M01003YKG_0002.mp4,299.2,314.2
M01003YKY_0003,/home/dhgbao/Research_Monash/dataset/ccu-data/CCU_COMBINED_ANNOTATED_VIDEO/all_videos/M01003YKY_0003.mp4,1445.1,1460.1
M01003YOZ_0005,/home/dhgbao/Research_Monash/dataset/ccu-data/CCU_COMBINED_ANNOTATED_VIDEO/all_videos/M01003YOZ_0005.mp4,984.8,999.8
M01003YT1_0009,/home/dhgbao/Research_Monash/dataset/ccu-data/CCU_COMBINED_ANNOTATED_VIDEO/all_videos/M01003YT1_0009.mp4,175.5,190.5
M01003YT1_0012,/home/dhgbao/Research_Monash/dataset/ccu-data/CCU_COMBINED_ANNOTATED_VIDEO/all_videos/M01003YT1_0012.mp4,220.5,235.5
M01003YT1_0013,/home/dhgbao/Research_Monash/dataset/ccu-data/CCU_COMBINED_ANNOTATED_VIDEO/all_videos/M01003YT1_0013.mp4,235.5,250.5
M01003YUC_0012,/home/dhgbao/Research_Monash/dataset/ccu-data/CCU_COMBINED_ANNOTATED_VIDEO/all_videos/M01003YUC_0012.mp4,544.3,559.3
M01003YUC_0014,/home/dhgbao/Research_Monash/dataset/ccu-data/CCU_COMBINED_ANNOTATED_VIDEO/all_videos/M01003YUC_0014.mp4,574.3,589.3
M01003Z1X_0012,/home/dhgbao/Research_Monash/dataset/ccu-data/CCU_COMBINED_ANNOTATED_VIDEO/all_videos/M01003Z1X_0012.mp4,189.0,204.0
M01003Z33_0008,/home/dhgbao/Research_Monash/dataset/ccu-data/CCU_COMBINED_ANNOTATED_VIDEO/all_videos/M01003Z33_0008.mp4,130.7,145.7
M01003Z3Y_0016,/home/dhgbao/Research_Monash/dataset/ccu-data/CCU_COMBINED_ANNOTATED_VIDEO/all_videos/M01003Z3Y_0016.mp4,244.7,259.7
M01003Z76_0004,/home/dhgbao/Research_Monash/dataset/ccu-data/CCU_COMBINED_ANNOTATED_VIDEO/all_videos/M01003Z76_0004.mp4,238.3,253.3
M01003Z9H_0015,/home/dhgbao/Research_Monash/dataset/ccu-data/CCU_COMBINED_ANNOTATED_VIDEO/all_videos/M01003Z9H_0015.mp4,231.7,246.7
M01003ZAR_0007,/home/dhgbao/Research_Monash/dataset/ccu-data/CCU_COMBINED_ANNOTATED_VIDEO/all_videos/M01003ZAR_0007.mp4,105.4,120.4
M01003ZAR_0013,/home/dhgbao/Research_Monash/dataset/ccu-data/CCU_COMBINED_ANNOTATED_VIDEO/all_videos/M01003ZAR_0013.mp4,195.4,210.4
M01003ZBD_0019,/home/dhgbao/Research_Monash/dataset/ccu-data/CCU_COMBINED_ANNOTATED_VIDEO/all_videos/M01003ZBD_0019.mp4,374.7,389.7
M01003ZDF_0010,/home/dhgbao/Research_Monash/dataset/ccu-data/CCU_COMBINED_ANNOTATED_VIDEO/all_videos/M01003ZDF_0010.mp4,495.5,510.5
M01003ZFK_0007,/home/dhgbao/Research_Monash/dataset/ccu-data/CCU_COMBINED_ANNOTATED_VIDEO/all_videos/M01003ZFK_0007.mp4,1154.0,1169.0
M01003ZFU_0009,/home/dhgbao/Research_Monash/dataset/ccu-data/CCU_COMBINED_ANNOTATED_VIDEO/all_videos/M01003ZFU_0009.mp4,351.9,366.9
M01003ZFU_0016,/home/dhgbao/Research_Monash/dataset/ccu-data/CCU_COMBINED_ANNOTATED_VIDEO/all_videos/M01003ZFU_0016.mp4,456.9,471.9
M01003ZFU_0020,/home/dhgbao/Research_Monash/dataset/ccu-data/CCU_COMBINED_ANNOTATED_VIDEO/all_videos/M01003ZFU_0020.mp4,516.9,531.9
M01003ZGR_0019,/home/dhgbao/Research_Monash/dataset/ccu-data/CCU_COMBINED_ANNOTATED_VIDEO/all_videos/M01003ZGR_0019.mp4,489.3,504.3
M01003ZK5_0016,/home/dhgbao/Research_Monash/dataset/ccu-data/CCU_COMBINED_ANNOTATED_VIDEO/all_videos/M01003ZK5_0016.mp4,568.0,583.0
M01003ZN5_0002,/home/dhgbao/Research_Monash/dataset/ccu-data/CCU_COMBINED_ANNOTATED_VIDEO/all_videos/M01003ZN5_0002.mp4,59.9,74.9
M01003ZP1_0006,/home/dhgbao/Research_Monash/dataset/ccu-data/CCU_COMBINED_ANNOTATED_VIDEO/all_videos/M01003ZP1_0006.mp4,152.1,167.1
M01003ZP9_0017,/home/dhgbao/Research_Monash/dataset/ccu-data/CCU_COMBINED_ANNOTATED_VIDEO/all_videos/M01003ZP9_0017.mp4,278.9,293.9
M01003ZRJ_0006,/home/dhgbao/Research_Monash/dataset/ccu-data/CCU_COMBINED_ANNOTATED_VIDEO/all_videos/M01003ZRJ_0006.mp4,136.7,151.7
M01003ZVL_0009,/home/dhgbao/Research_Monash/dataset/ccu-data/CCU_COMBINED_ANNOTATED_VIDEO/all_videos/M01003ZVL_0009.mp4,177.0,192.0
M01003ZVT_0004,/home/dhgbao/Research_Monash/dataset/ccu-data/CCU_COMBINED_ANNOTATED_VIDEO/all_videos/M01003ZVT_0004.mp4,194.9,209.9
M01003ZVT_0016,/home/dhgbao/Research_Monash/dataset/ccu-data/CCU_COMBINED_ANNOTATED_VIDEO/all_videos/M01003ZVT_0016.mp4,374.9,389.9
M01003ZVT_0019,/home/dhgbao/Research_Monash/dataset/ccu-data/CCU_COMBINED_ANNOTATED_VIDEO/all_videos/M01003ZVT_0019.mp4,419.9,434.9
M01003ZY8_0013,/home/dhgbao/Research_Monash/dataset/ccu-data/CCU_COMBINED_ANNOTATED_VIDEO/all_videos/M01003ZY8_0013.mp4,205.1,220.1
M01003ZY8_0016,/home/dhgbao/Research_Monash/dataset/ccu-data/CCU_COMBINED_ANNOTATED_VIDEO/all_videos/M01003ZY8_0016.mp4,250.1,265.1
M01003ZY8_0002,/home/dhgbao/Research_Monash/dataset/ccu-data/CCU_COMBINED_ANNOTATED_VIDEO/all_videos/M01003ZY8_0002.mp4,40.1,55.1
M01004004_0019,/home/dhgbao/Research_Monash/dataset/ccu-data/CCU_COMBINED_ANNOTATED_VIDEO/all_videos/M01004004_0019.mp4,292.4,307.4
M01004008_0008,/home/dhgbao/Research_Monash/dataset/ccu-data/CCU_COMBINED_ANNOTATED_VIDEO/all_videos/M01004008_0008.mp4,120.6,135.6
M0100402I_0002,/home/dhgbao/Research_Monash/dataset/ccu-data/CCU_COMBINED_ANNOTATED_VIDEO/all_videos/M0100402I_0002.mp4,311.5,326.5
M0100402I_0014,/home/dhgbao/Research_Monash/dataset/ccu-data/CCU_COMBINED_ANNOTATED_VIDEO/all_videos/M0100402I_0014.mp4,491.5,506.5
M0100405W_0013,/home/dhgbao/Research_Monash/dataset/ccu-data/CCU_COMBINED_ANNOTATED_VIDEO/all_videos/M0100405W_0013.mp4,446.3,461.3
M0100407R_0017,/home/dhgbao/Research_Monash/dataset/ccu-data/CCU_COMBINED_ANNOTATED_VIDEO/all_videos/M0100407R_0017.mp4,262.4,277.4
M0100408B_0001,/home/dhgbao/Research_Monash/dataset/ccu-data/CCU_COMBINED_ANNOTATED_VIDEO/all_videos/M0100408B_0001.mp4,130.0,145.0
M0100408B_0005,/home/dhgbao/Research_Monash/dataset/ccu-data/CCU_COMBINED_ANNOTATED_VIDEO/all_videos/M0100408B_0005.mp4,190.0,205.0
M0100409S_0019,/home/dhgbao/Research_Monash/dataset/ccu-data/CCU_COMBINED_ANNOTATED_VIDEO/all_videos/M0100409S_0019.mp4,456.4,471.4
M010040AR_0003,/home/dhgbao/Research_Monash/dataset/ccu-data/CCU_COMBINED_ANNOTATED_VIDEO/all_videos/M010040AR_0003.mp4,142.5,157.5
M010040AR_0010,/home/dhgbao/Research_Monash/dataset/ccu-data/CCU_COMBINED_ANNOTATED_VIDEO/all_videos/M010040AR_0010.mp4,247.5,262.5
M010040C3_0006,/home/dhgbao/Research_Monash/dataset/ccu-data/CCU_COMBINED_ANNOTATED_VIDEO/all_videos/M010040C3_0006.mp4,145.1,160.1
M010040CA_0012,/home/dhgbao/Research_Monash/dataset/ccu-data/CCU_COMBINED_ANNOTATED_VIDEO/all_videos/M010040CA_0012.mp4,242.1,257.1
M010040CO_0015,/home/dhgbao/Research_Monash/dataset/ccu-data/CCU_COMBINED_ANNOTATED_VIDEO/all_videos/M010040CO_0015.mp4,228.9,243.9
M010040CX_0017,/home/dhgbao/Research_Monash/dataset/ccu-data/CCU_COMBINED_ANNOTATED_VIDEO/all_videos/M010040CX_0017.mp4,300.7,315.7
M010040DN_0003,/home/dhgbao/Research_Monash/dataset/ccu-data/CCU_COMBINED_ANNOTATED_VIDEO/all_videos/M010040DN_0003.mp4,55.7,70.7
M010040ET_0012,/home/dhgbao/Research_Monash/dataset/ccu-data/CCU_COMBINED_ANNOTATED_VIDEO/all_videos/M010040ET_0012.mp4,194.9,209.9
M010040FX_0008,/home/dhgbao/Research_Monash/dataset/ccu-data/CCU_COMBINED_ANNOTATED_VIDEO/all_videos/M010040FX_0008.mp4,145.6,160.6
M010040FX_0011,/home/dhgbao/Research_Monash/dataset/ccu-data/CCU_COMBINED_ANNOTATED_VIDEO/all_videos/M010040FX_0011.mp4,190.6,205.6
M010040HF_0015,/home/dhgbao/Research_Monash/dataset/ccu-data/CCU_COMBINED_ANNOTATED_VIDEO/all_videos/M010040HF_0015.mp4,764.5,779.5
M010040HQ_0003,/home/dhgbao/Research_Monash/dataset/ccu-data/CCU_COMBINED_ANNOTATED_VIDEO/all_videos/M010040HQ_0003.mp4,237.1,252.1
M010040I0_0003,/home/dhgbao/Research_Monash/dataset/ccu-data/CCU_COMBINED_ANNOTATED_VIDEO/all_videos/M010040I0_0003.mp4,51.5,66.5
M010040IM_0001,/home/dhgbao/Research_Monash/dataset/ccu-data/CCU_COMBINED_ANNOTATED_VIDEO/all_videos/M010040IM_0001.mp4,352.7,367.7
M010040LF_0002,/home/dhgbao/Research_Monash/dataset/ccu-data/CCU_COMBINED_ANNOTATED_VIDEO/all_videos/M010040LF_0002.mp4,43.5,58.5
M010040MW_0011,/home/dhgbao/Research_Monash/dataset/ccu-data/CCU_COMBINED_ANNOTATED_VIDEO/all_videos/M010040MW_0011.mp4,187.7,202.7
M010040MW_0014,/home/dhgbao/Research_Monash/dataset/ccu-data/CCU_COMBINED_ANNOTATED_VIDEO/all_videos/M010040MW_0014.mp4,232.7,247.7
M010040MW_0016,/home/dhgbao/Research_Monash/dataset/ccu-data/CCU_COMBINED_ANNOTATED_VIDEO/all_videos/M010040MW_0016.mp4,262.7,277.7
M010040NC_0017,/home/dhgbao/Research_Monash/dataset/ccu-data/CCU_COMBINED_ANNOTATED_VIDEO/all_videos/M010040NC_0017.mp4,289.5,304.5
M010040NC_0003,/home/dhgbao/Research_Monash/dataset/ccu-data/CCU_COMBINED_ANNOTATED_VIDEO/all_videos/M010040NC_0003.mp4,79.5,94.5
M010040OO_0017,/home/dhgbao/Research_Monash/dataset/ccu-data/CCU_COMBINED_ANNOTATED_VIDEO/all_videos/M010040OO_0017.mp4,363.7,378.7
M010040QG_0008,/home/dhgbao/Research_Monash/dataset/ccu-data/CCU_COMBINED_ANNOTATED_VIDEO/all_videos/M010040QG_0008.mp4,224.3,239.3
M010040QG_0009,/home/dhgbao/Research_Monash/dataset/ccu-data/CCU_COMBINED_ANNOTATED_VIDEO/all_videos/M010040QG_0009.mp4,239.3,254.3
M010040QG_0013,/home/dhgbao/Research_Monash/dataset/ccu-data/CCU_COMBINED_ANNOTATED_VIDEO/all_videos/M010040QG_0013.mp4,299.3,314.3
M010040RH_0009,/home/dhgbao/Research_Monash/dataset/ccu-data/CCU_COMBINED_ANNOTATED_VIDEO/all_videos/M010040RH_0009.mp4,157.9,172.9
M010040SN_0005,/home/dhgbao/Research_Monash/dataset/ccu-data/CCU_COMBINED_ANNOTATED_VIDEO/all_videos/M010040SN_0005.mp4,401.8,416.8
M010040SN_0010,/home/dhgbao/Research_Monash/dataset/ccu-data/CCU_COMBINED_ANNOTATED_VIDEO/all_videos/M010040SN_0010.mp4,476.8,491.8
M0100412Q_0007,/home/dhgbao/Research_Monash/dataset/ccu-data/CCU_COMBINED_ANNOTATED_VIDEO/all_videos/M0100412Q_0007.mp4,169.7,184.7
M01004188_0008,/home/dhgbao/Research_Monash/dataset/ccu-data/CCU_COMBINED_ANNOTATED_VIDEO/all_videos/M01004188_0008.mp4,541.6,556.6
M0100419Y_0019,/home/dhgbao/Research_Monash/dataset/ccu-data/CCU_COMBINED_ANNOTATED_VIDEO/all_videos/M0100419Y_0019.mp4,289.6,304.6
M010041TI_0018,/home/dhgbao/Research_Monash/dataset/ccu-data/CCU_COMBINED_ANNOTATED_VIDEO/all_videos/M010041TI_0018.mp4,399.0,414.0
M010041VG_0015,/home/dhgbao/Research_Monash/dataset/ccu-data/CCU_COMBINED_ANNOTATED_VIDEO/all_videos/M010041VG_0015.mp4,644.0,659.0
M010041XI_0017,/home/dhgbao/Research_Monash/dataset/ccu-data/CCU_COMBINED_ANNOTATED_VIDEO/all_videos/M010041XI_0017.mp4,295.2,310.2
M010042DZ_0011,/home/dhgbao/Research_Monash/dataset/ccu-data/CCU_COMBINED_ANNOTATED_VIDEO/all_videos/M010042DZ_0011.mp4,422.9,437.9
M010042EO_0013,/home/dhgbao/Research_Monash/dataset/ccu-data/CCU_COMBINED_ANNOTATED_VIDEO/all_videos/M010042EO_0013.mp4,257.8,272.8
M010042EO_0019,/home/dhgbao/Research_Monash/dataset/ccu-data/CCU_COMBINED_ANNOTATED_VIDEO/all_videos/M010042EO_0019.mp4,347.8,362.8
M010042EO_0019,/home/dhgbao/Research_Monash/dataset/ccu-data/CCU_COMBINED_ANNOTATED_VIDEO/all_videos/M010042EO_0019.mp4,347.8,362.8
M010043BL_0014,/home/dhgbao/Research_Monash/dataset/ccu-data/CCU_COMBINED_ANNOTATED_VIDEO/all_videos/M010043BL_0014.mp4,566.1,581.1
M010043HC_0018,/home/dhgbao/Research_Monash/dataset/ccu-data/CCU_COMBINED_ANNOTATED_VIDEO/all_videos/M010043HC_0018.mp4,346.7,361.7
M010043P9_0012,/home/dhgbao/Research_Monash/dataset/ccu-data/CCU_COMBINED_ANNOTATED_VIDEO/all_videos/M010043P9_0012.mp4,348.2,363.2
M0100443F_0005,/home/dhgbao/Research_Monash/dataset/ccu-data/CCU_COMBINED_ANNOTATED_VIDEO/all_videos/M0100443F_0005.mp4,462.2,477.2
M01004442_0007,/home/dhgbao/Research_Monash/dataset/ccu-data/CCU_COMBINED_ANNOTATED_VIDEO/all_videos/M01004442_0007.mp4,306.7,321.7
M01004442_0012,/home/dhgbao/Research_Monash/dataset/ccu-data/CCU_COMBINED_ANNOTATED_VIDEO/all_videos/M01004442_0012.mp4,381.7,396.7
M010044HC_0006,/home/dhgbao/Research_Monash/dataset/ccu-data/CCU_COMBINED_ANNOTATED_VIDEO/all_videos/M010044HC_0006.mp4,271.9,286.9
M010044NS_0003,/home/dhgbao/Research_Monash/dataset/ccu-data/CCU_COMBINED_ANNOTATED_VIDEO/all_videos/M010044NS_0003.mp4,229.5,244.5
M010044NS_0015,/home/dhgbao/Research_Monash/dataset/ccu-data/CCU_COMBINED_ANNOTATED_VIDEO/all_videos/M010044NS_0015.mp4,409.5,424.5
M010044NS_0017,/home/dhgbao/Research_Monash/dataset/ccu-data/CCU_COMBINED_ANNOTATED_VIDEO/all_videos/M010044NS_0017.mp4,439.5,454.5
M010045DJ_0003,/home/dhgbao/Research_Monash/dataset/ccu-data/CCU_COMBINED_ANNOTATED_VIDEO/all_videos/M010045DJ_0003.mp4,233.5,248.5
M010045DJ_0016,/home/dhgbao/Research_Monash/dataset/ccu-data/CCU_COMBINED_ANNOTATED_VIDEO/all_videos/M010045DJ_0016.mp4,428.5,443.5
M010045M8_0019,/home/dhgbao/Research_Monash/dataset/ccu-data/CCU_COMBINED_ANNOTATED_VIDEO/all_videos/M010045M8_0019.mp4,572.7,587.7
M010045NE_0016,/home/dhgbao/Research_Monash/dataset/ccu-data/CCU_COMBINED_ANNOTATED_VIDEO/all_videos/M010045NE_0016.mp4,274.3,289.3
M010047AU_0015,/home/dhgbao/Research_Monash/dataset/ccu-data/CCU_COMBINED_ANNOTATED_VIDEO/all_videos/M010047AU_0015.mp4,230.3,245.3
M010047X5_0016,/home/dhgbao/Research_Monash/dataset/ccu-data/CCU_COMBINED_ANNOTATED_VIDEO/all_videos/M010047X5_0016.mp4,607.9,622.9
M010047ZZ_0006,/home/dhgbao/Research_Monash/dataset/ccu-data/CCU_COMBINED_ANNOTATED_VIDEO/all_videos/M010047ZZ_0006.mp4,178.1,193.1
M010047ZZ_0014,/home/dhgbao/Research_Monash/dataset/ccu-data/CCU_COMBINED_ANNOTATED_VIDEO/all_videos/M010047ZZ_0014.mp4,298.1,313.1
M01004830_0002,/home/dhgbao/Research_Monash/dataset/ccu-data/CCU_COMBINED_ANNOTATED_VIDEO/all_videos/M01004830_0002.mp4,292.6,307.6
M0100488T_0001,/home/dhgbao/Research_Monash/dataset/ccu-data/CCU_COMBINED_ANNOTATED_VIDEO/all_videos/M0100488T_0001.mp4,62.5,77.5
M010048A7_0005,/home/dhgbao/Research_Monash/dataset/ccu-data/CCU_COMBINED_ANNOTATED_VIDEO/all_videos/M010048A7_0005.mp4,95.8,110.8
M010048W3_0007,/home/dhgbao/Research_Monash/dataset/ccu-data/CCU_COMBINED_ANNOTATED_VIDEO/all_videos/M010048W3_0007.mp4,140.6,155.6
M010048W3_0009,/home/dhgbao/Research_Monash/dataset/ccu-data/CCU_COMBINED_ANNOTATED_VIDEO/all_videos/M010048W3_0009.mp4,170.6,185.6
M010048W3_0003,/home/dhgbao/Research_Monash/dataset/ccu-data/CCU_COMBINED_ANNOTATED_VIDEO/all_videos/M010048W3_0003.mp4,80.6,95.6
M0100492M_0007,/home/dhgbao/Research_Monash/dataset/ccu-data/CCU_COMBINED_ANNOTATED_VIDEO/all_videos/M0100492M_0007.mp4,531.4,546.4
M010049IY_0019,/home/dhgbao/Research_Monash/dataset/ccu-data/CCU_COMBINED_ANNOTATED_VIDEO/all_videos/M010049IY_0019.mp4,717.7,732.7
M010049PX_0019,/home/dhgbao/Research_Monash/dataset/ccu-data/CCU_COMBINED_ANNOTATED_VIDEO/all_videos/M010049PX_0019.mp4,886.1,901.1
M01004A5H_0010,/home/dhgbao/Research_Monash/dataset/ccu-data/CCU_COMBINED_ANNOTATED_VIDEO/all_videos/M01004A5H_0010.mp4,1321.8,1336.8
M01004A5H_0014,/home/dhgbao/Research_Monash/dataset/ccu-data/CCU_COMBINED_ANNOTATED_VIDEO/all_videos/M01004A5H_0014.mp4,1381.8,1396.8
M01004ACS_0006,/home/dhgbao/Research_Monash/dataset/ccu-data/CCU_COMBINED_ANNOTATED_VIDEO/all_videos/M01004ACS_0006.mp4,336.1,351.1
M01004AL9_0003,/home/dhgbao/Research_Monash/dataset/ccu-data/CCU_COMBINED_ANNOTATED_VIDEO/all_videos/M01004AL9_0003.mp4,535.6,550.6
M01004AL9_0013,/home/dhgbao/Research_Monash/dataset/ccu-data/CCU_COMBINED_ANNOTATED_VIDEO/all_videos/M01004AL9_0013.mp4,685.6,700.6
M01004AXO_0002,/home/dhgbao/Research_Monash/dataset/ccu-data/CCU_COMBINED_ANNOTATED_VIDEO/all_videos/M01004AXO_0002.mp4,298.5,313.5
M01004B6K_0011,/home/dhgbao/Research_Monash/dataset/ccu-data/CCU_COMBINED_ANNOTATED_VIDEO/all_videos/M01004B6K_0011.mp4,182.6,197.6
M01004B6M_0015,/home/dhgbao/Research_Monash/dataset/ccu-data/CCU_COMBINED_ANNOTATED_VIDEO/all_videos/M01004B6M_0015.mp4,324.9,339.9
M01004D5B_0006,/home/dhgbao/Research_Monash/dataset/ccu-data/CCU_COMBINED_ANNOTATED_VIDEO/all_videos/M01004D5B_0006.mp4,1052.9,1067.9
M01004DBG_0002,/home/dhgbao/Research_Monash/dataset/ccu-data/CCU_COMBINED_ANNOTATED_VIDEO/all_videos/M01004DBG_0002.mp4,366.3,381.3
M01004DMO_0002,/home/dhgbao/Research_Monash/dataset/ccu-data/CCU_COMBINED_ANNOTATED_VIDEO/all_videos/M01004DMO_0002.mp4,705.0,720.0
M01004DN0_0004,/home/dhgbao/Research_Monash/dataset/ccu-data/CCU_COMBINED_ANNOTATED_VIDEO/all_videos/M01004DN0_0004.mp4,70.8,85.8
M01004E76_0017,/home/dhgbao/Research_Monash/dataset/ccu-data/CCU_COMBINED_ANNOTATED_VIDEO/all_videos/M01004E76_0017.mp4,319.1,334.1
M01004E76_0018,/home/dhgbao/Research_Monash/dataset/ccu-data/CCU_COMBINED_ANNOTATED_VIDEO/all_videos/M01004E76_0018.mp4,334.1,349.1
M01004E76_0001,/home/dhgbao/Research_Monash/dataset/ccu-data/CCU_COMBINED_ANNOTATED_VIDEO/all_videos/M01004E76_0001.mp4,79.1,94.1
M01004F1Y_0009,/home/dhgbao/Research_Monash/dataset/ccu-data/CCU_COMBINED_ANNOTATED_VIDEO/all_videos/M01004F1Y_0009.mp4,453.2,468.2
M01004FCX_0014,/home/dhgbao/Research_Monash/dataset/ccu-data/CCU_COMBINED_ANNOTATED_VIDEO/all_videos/M01004FCX_0014.mp4,348.0,363.0
M01004FS6_0002,/home/dhgbao/Research_Monash/dataset/ccu-data/CCU_COMBINED_ANNOTATED_VIDEO/all_videos/M01004FS6_0002.mp4,633.3,648.3
M01004FS6_0006,/home/dhgbao/Research_Monash/dataset/ccu-data/CCU_COMBINED_ANNOTATED_VIDEO/all_videos/M01004FS6_0006.mp4,693.3,708.3
M01004FS6_0015,/home/dhgbao/Research_Monash/dataset/ccu-data/CCU_COMBINED_ANNOTATED_VIDEO/all_videos/M01004FS6_0015.mp4,828.3,843.3
M01004FSC_0001,/home/dhgbao/Research_Monash/dataset/ccu-data/CCU_COMBINED_ANNOTATED_VIDEO/all_videos/M01004FSC_0001.mp4,578.4,593.4
M01004FWG_0008,/home/dhgbao/Research_Monash/dataset/ccu-data/CCU_COMBINED_ANNOTATED_VIDEO/all_videos/M01004FWG_0008.mp4,192.6,207.6
M01004G0B_0004,/home/dhgbao/Research_Monash/dataset/ccu-data/CCU_COMBINED_ANNOTATED_VIDEO/all_videos/M01004G0B_0004.mp4,297.9,312.9
M01004GB3_0007,/home/dhgbao/Research_Monash/dataset/ccu-data/CCU_COMBINED_ANNOTATED_VIDEO/all_videos/M01004GB3_0007.mp4,125.6,140.6
M01004GCR_0001,/home/dhgbao/Research_Monash/dataset/ccu-data/CCU_COMBINED_ANNOTATED_VIDEO/all_videos/M01004GCR_0001.mp4,101.4,116.4
M01004GCR_0002,/home/dhgbao/Research_Monash/dataset/ccu-data/CCU_COMBINED_ANNOTATED_VIDEO/all_videos/M01004GCR_0002.mp4,116.4,131.4
M01004GCR_0008,/home/dhgbao/Research_Monash/dataset/ccu-data/CCU_COMBINED_ANNOTATED_VIDEO/all_videos/M01004GCR_0008.mp4,206.4,221.4
M01004GCR_0016,/home/dhgbao/Research_Monash/dataset/ccu-data/CCU_COMBINED_ANNOTATED_VIDEO/all_videos/M01004GCR_0016.mp4,326.4,341.4
M01004GCR_0018,/home/dhgbao/Research_Monash/dataset/ccu-data/CCU_COMBINED_ANNOTATED_VIDEO/all_videos/M01004GCR_0018.mp4,356.4,371.4
M01004H2Y_0013,/home/dhgbao/Research_Monash/dataset/ccu-data/CCU_COMBINED_ANNOTATED_VIDEO/all_videos/M01004H2Y_0013.mp4,505.5,520.5
M01004H7J_0004,/home/dhgbao/Research_Monash/dataset/ccu-data/CCU_COMBINED_ANNOTATED_VIDEO/all_videos/M01004H7J_0004.mp4,126.1,141.1
M01004H7J_0007,/home/dhgbao/Research_Monash/dataset/ccu-data/CCU_COMBINED_ANNOTATED_VIDEO/all_videos/M01004H7J_0007.mp4,171.1,186.1
M01004H7J_0013,/home/dhgbao/Research_Monash/dataset/ccu-data/CCU_COMBINED_ANNOTATED_VIDEO/all_videos/M01004H7J_0013.mp4,261.1,276.1
M01004HA8_0014,/home/dhgbao/Research_Monash/dataset/ccu-data/CCU_COMBINED_ANNOTATED_VIDEO/all_videos/M01004HA8_0014.mp4,910.2,925.2
M01004HA8_0017,/home/dhgbao/Research_Monash/dataset/ccu-data/CCU_COMBINED_ANNOTATED_VIDEO/all_videos/M01004HA8_0017.mp4,955.2,970.2
M01004HA8_0018,/home/dhgbao/Research_Monash/dataset/ccu-data/CCU_COMBINED_ANNOTATED_VIDEO/all_videos/M01004HA8_0018.mp4,970.2,985.2
M01004HYR_0012,/home/dhgbao/Research_Monash/dataset/ccu-data/CCU_COMBINED_ANNOTATED_VIDEO/all_videos/M01004HYR_0012.mp4,198.8,213.8
M01004HYR_0014,/home/dhgbao/Research_Monash/dataset/ccu-data/CCU_COMBINED_ANNOTATED_VIDEO/all_videos/M01004HYR_0014.mp4,228.8,243.8
M01004HZN_0018,/home/dhgbao/Research_Monash/dataset/ccu-data/CCU_COMBINED_ANNOTATED_VIDEO/all_videos/M01004HZN_0018.mp4,280.6,295.6
M01004I5R_0006,/home/dhgbao/Research_Monash/dataset/ccu-data/CCU_COMBINED_ANNOTATED_VIDEO/all_videos/M01004I5R_0006.mp4,106.5,121.5
M01004I5R_0009,/home/dhgbao/Research_Monash/dataset/ccu-data/CCU_COMBINED_ANNOTATED_VIDEO/all_videos/M01004I5R_0009.mp4,151.5,166.5
M01004I6Q_0003,/home/dhgbao/Research_Monash/dataset/ccu-data/CCU_COMBINED_ANNOTATED_VIDEO/all_videos/M01004I6Q_0003.mp4,736.2,751.2
M01004I6Q_0004,/home/dhgbao/Research_Monash/dataset/ccu-data/CCU_COMBINED_ANNOTATED_VIDEO/all_videos/M01004I6Q_0004.mp4,751.2,766.2
M01004I9K_0007,/home/dhgbao/Research_Monash/dataset/ccu-data/CCU_COMBINED_ANNOTATED_VIDEO/all_videos/M01004I9K_0007.mp4,119.3,134.3
M01004I9K_0020,/home/dhgbao/Research_Monash/dataset/ccu-data/CCU_COMBINED_ANNOTATED_VIDEO/all_videos/M01004I9K_0020.mp4,314.3,329.3
M01004IZ1_0008,/home/dhgbao/Research_Monash/dataset/ccu-data/CCU_COMBINED_ANNOTATED_VIDEO/all_videos/M01004IZ1_0008.mp4,120.6,135.6
M01004IZ1_0016,/home/dhgbao/Research_Monash/dataset/ccu-data/CCU_COMBINED_ANNOTATED_VIDEO/all_videos/M01004IZ1_0016.mp4,240.6,255.6
M01004IZ1_0018,/home/dhgbao/Research_Monash/dataset/ccu-data/CCU_COMBINED_ANNOTATED_VIDEO/all_videos/M01004IZ1_0018.mp4,270.6,285.6
M01004IZ1_0002,/home/dhgbao/Research_Monash/dataset/ccu-data/CCU_COMBINED_ANNOTATED_VIDEO/all_videos/M01004IZ1_0002.mp4,30.6,45.6
M01004IZ1_0004,/home/dhgbao/Research_Monash/dataset/ccu-data/CCU_COMBINED_ANNOTATED_VIDEO/all_videos/M01004IZ1_0004.mp4,60.6,75.6
M01004IZ1_0006,/home/dhgbao/Research_Monash/dataset/ccu-data/CCU_COMBINED_ANNOTATED_VIDEO/all_videos/M01004IZ1_0006.mp4,90.6,105.6
M01004IZD_0013,/home/dhgbao/Research_Monash/dataset/ccu-data/CCU_COMBINED_ANNOTATED_VIDEO/all_videos/M01004IZD_0013.mp4,210.1,225.1
M01004JM6_0005,/home/dhgbao/Research_Monash/dataset/ccu-data/CCU_COMBINED_ANNOTATED_VIDEO/all_videos/M01004JM6_0005.mp4,93.0,108.0
M01004JM6_0008,/home/dhgbao/Research_Monash/dataset/ccu-data/CCU_COMBINED_ANNOTATED_VIDEO/all_videos/M01004JM6_0008.mp4,138.0,153.0
M01004JM6_0019,/home/dhgbao/Research_Monash/dataset/ccu-data/CCU_COMBINED_ANNOTATED_VIDEO/all_videos/M01004JM6_0019.mp4,303.0,318.0
M01004K4L_0015,/home/dhgbao/Research_Monash/dataset/ccu-data/CCU_COMBINED_ANNOTATED_VIDEO/all_videos/M01004K4L_0015.mp4,418.6,433.6
M01004K8X_0002,/home/dhgbao/Research_Monash/dataset/ccu-data/CCU_COMBINED_ANNOTATED_VIDEO/all_videos/M01004K8X_0002.mp4,609.1,624.1
M01004K8X_0016,/home/dhgbao/Research_Monash/dataset/ccu-data/CCU_COMBINED_ANNOTATED_VIDEO/all_videos/M01004K8X_0016.mp4,819.1,834.1
M01004KDL_0013,/home/dhgbao/Research_Monash/dataset/ccu-data/CCU_COMBINED_ANNOTATED_VIDEO/all_videos/M01004KDL_0013.mp4,197.4,212.4
M01004KDW_0017,/home/dhgbao/Research_Monash/dataset/ccu-data/CCU_COMBINED_ANNOTATED_VIDEO/all_videos/M01004KDW_0017.mp4,314.0,329.0
M01004KEK_0015,/home/dhgbao/Research_Monash/dataset/ccu-data/CCU_COMBINED_ANNOTATED_VIDEO/all_videos/M01004KEK_0015.mp4,389.0,404.0
M01004LC7_0014,/home/dhgbao/Research_Monash/dataset/ccu-data/CCU_COMBINED_ANNOTATED_VIDEO/all_videos/M01004LC7_0014.mp4,374.5,389.5
M01004LMQ_0010,/home/dhgbao/Research_Monash/dataset/ccu-data/CCU_COMBINED_ANNOTATED_VIDEO/all_videos/M01004LMQ_0010.mp4,335.9,350.9
M01004MUX_0004,/home/dhgbao/Research_Monash/dataset/ccu-data/CCU_COMBINED_ANNOTATED_VIDEO/all_videos/M01004MUX_0004.mp4,64.8,79.8
M01004MYV_0001,/home/dhgbao/Research_Monash/dataset/ccu-data/CCU_COMBINED_ANNOTATED_VIDEO/all_videos/M01004MYV_0001.mp4,134.5,149.5
M01004MYV_0004,/home/dhgbao/Research_Monash/dataset/ccu-data/CCU_COMBINED_ANNOTATED_VIDEO/all_videos/M01004MYV_0004.mp4,179.5,194.5
M01004NFH_0001,/home/dhgbao/Research_Monash/dataset/ccu-data/CCU_COMBINED_ANNOTATED_VIDEO/all_videos/M01004NFH_0001.mp4,957.9,972.9
M01004NKE_0014,/home/dhgbao/Research_Monash/dataset/ccu-data/CCU_COMBINED_ANNOTATED_VIDEO/all_videos/M01004NKE_0014.mp4,419.3,434.3
M01004ODT_0013,/home/dhgbao/Research_Monash/dataset/ccu-data/CCU_COMBINED_ANNOTATED_VIDEO/all_videos/M01004ODT_0013.mp4,180.0,195.0
M01004ODT_0015,/home/dhgbao/Research_Monash/dataset/ccu-data/CCU_COMBINED_ANNOTATED_VIDEO/all_videos/M01004ODT_0015.mp4,210.0,225.0
M01004ODT_0006,/home/dhgbao/Research_Monash/dataset/ccu-data/CCU_COMBINED_ANNOTATED_VIDEO/all_videos/M01004ODT_0006.mp4,75.0,90.0
M01004OTX_0001,/home/dhgbao/Research_Monash/dataset/ccu-data/CCU_COMBINED_ANNOTATED_VIDEO/all_videos/M01004OTX_0001.mp4,132.9,147.9
M01004OTX_0010,/home/dhgbao/Research_Monash/dataset/ccu-data/CCU_COMBINED_ANNOTATED_VIDEO/all_videos/M01004OTX_0010.mp4,267.9,282.9
M01004PP1_0006,/home/dhgbao/Research_Monash/dataset/ccu-data/CCU_COMBINED_ANNOTATED_VIDEO/all_videos/M01004PP1_0006.mp4,122.2,137.2
M01004PV3_0002,/home/dhgbao/Research_Monash/dataset/ccu-data/CCU_COMBINED_ANNOTATED_VIDEO/all_videos/M01004PV3_0002.mp4,295.8,310.8
M01004PV3_0007,/home/dhgbao/Research_Monash/dataset/ccu-data/CCU_COMBINED_ANNOTATED_VIDEO/all_videos/M01004PV3_0007.mp4,370.8,385.8
M01004PV3_0010,/home/dhgbao/Research_Monash/dataset/ccu-data/CCU_COMBINED_ANNOTATED_VIDEO/all_videos/M01004PV3_0010.mp4,415.8,430.8
M01004PV3_0017,/home/dhgbao/Research_Monash/dataset/ccu-data/CCU_COMBINED_ANNOTATED_VIDEO/all_videos/M01004PV3_0017.mp4,520.8,535.8
M01004Q5S_0007,/home/dhgbao/Research_Monash/dataset/ccu-data/CCU_COMBINED_ANNOTATED_VIDEO/all_videos/M01004Q5S_0007.mp4,251.0,266.0
M01004RGX_0017,/home/dhgbao/Research_Monash/dataset/ccu-data/CCU_COMBINED_ANNOTATED_VIDEO/all_videos/M01004RGX_0017.mp4,520.4,535.4
M01004S2T_0004,/home/dhgbao/Research_Monash/dataset/ccu-data/CCU_COMBINED_ANNOTATED_VIDEO/all_videos/M01004S2T_0004.mp4,95.5,110.5
M01004S2T_0007,/home/dhgbao/Research_Monash/dataset/ccu-data/CCU_COMBINED_ANNOTATED_VIDEO/all_videos/M01004S2T_0007.mp4,140.5,155.5
M01004SZ1_0017,/home/dhgbao/Research_Monash/dataset/ccu-data/CCU_COMBINED_ANNOTATED_VIDEO/all_videos/M01004SZ1_0017.mp4,261.6,276.6
M01004T3Z_0012,/home/dhgbao/Research_Monash/dataset/ccu-data/CCU_COMBINED_ANNOTATED_VIDEO/all_videos/M01004T3Z_0012.mp4,203.6,218.6
M01004T6N_0003,/home/dhgbao/Research_Monash/dataset/ccu-data/CCU_COMBINED_ANNOTATED_VIDEO/all_videos/M01004T6N_0003.mp4,208.3,223.3
M01004T6N_0005,/home/dhgbao/Research_Monash/dataset/ccu-data/CCU_COMBINED_ANNOTATED_VIDEO/all_videos/M01004T6N_0005.mp4,238.3,253.3
M01004T7Z_0018,/home/dhgbao/Research_Monash/dataset/ccu-data/CCU_COMBINED_ANNOTATED_VIDEO/all_videos/M01004T7Z_0018.mp4,273.9,288.9
M01004T7Z_0006,/home/dhgbao/Research_Monash/dataset/ccu-data/CCU_COMBINED_ANNOTATED_VIDEO/all_videos/M01004T7Z_0006.mp4,93.9,108.9
M01004THQ_0007,/home/dhgbao/Research_Monash/dataset/ccu-data/CCU_COMBINED_ANNOTATED_VIDEO/all_videos/M01004THQ_0007.mp4,144.5,159.5
M01004THQ_0003,/home/dhgbao/Research_Monash/dataset/ccu-data/CCU_COMBINED_ANNOTATED_VIDEO/all_videos/M01004THQ_0003.mp4,84.5,99.5
M01004V1L_0005,/home/dhgbao/Research_Monash/dataset/ccu-data/CCU_COMBINED_ANNOTATED_VIDEO/all_videos/M01004V1L_0005.mp4,313.6,328.6
M01004V1Z_0010,/home/dhgbao/Research_Monash/dataset/ccu-data/CCU_COMBINED_ANNOTATED_VIDEO/all_videos/M01004V1Z_0010.mp4,154.1,169.1
M01004V1Z_0001,/home/dhgbao/Research_Monash/dataset/ccu-data/CCU_COMBINED_ANNOTATED_VIDEO/all_videos/M01004V1Z_0001.mp4,19.1,34.1
M01004V1Z_0019,/home/dhgbao/Research_Monash/dataset/ccu-data/CCU_COMBINED_ANNOTATED_VIDEO/all_videos/M01004V1Z_0019.mp4,289.1,304.1
M01004VWO_0004,/home/dhgbao/Research_Monash/dataset/ccu-data/CCU_COMBINED_ANNOTATED_VIDEO/all_videos/M01004VWO_0004.mp4,132.6,147.6
M01004W45_0006,/home/dhgbao/Research_Monash/dataset/ccu-data/CCU_COMBINED_ANNOTATED_VIDEO/all_videos/M01004W45_0006.mp4,197.0,212.0
M01004W7Z_0002,/home/dhgbao/Research_Monash/dataset/ccu-data/CCU_COMBINED_ANNOTATED_VIDEO/all_videos/M01004W7Z_0002.mp4,320.5,335.5
M01004W7Z_0004,/home/dhgbao/Research_Monash/dataset/ccu-data/CCU_COMBINED_ANNOTATED_VIDEO/all_videos/M01004W7Z_0004.mp4,350.5,365.5
M01004WNG_0007,/home/dhgbao/Research_Monash/dataset/ccu-data/CCU_COMBINED_ANNOTATED_VIDEO/all_videos/M01004WNG_0007.mp4,630.0,645.0
M01004WNG_0013,/home/dhgbao/Research_Monash/dataset/ccu-data/CCU_COMBINED_ANNOTATED_VIDEO/all_videos/M01004WNG_0013.mp4,720.0,735.0
M01004WPI_0008,/home/dhgbao/Research_Monash/dataset/ccu-data/CCU_COMBINED_ANNOTATED_VIDEO/all_videos/M01004WPI_0008.mp4,240.7,255.7
